OrderItemKey,OrderID,DateKey,ProductKey,CustomerKey,PaymentMethodKey,OrderStatusKey,GeographyKey,Quantity,UnitPrice,GrossAmount,DiscountAmount,NetAmount,UnitCost,Profit
1,ORD-00001,20240821,12,91,1,2,2,2,329.90,659.80,0.00,659.80,169.90,320.00
2,ORD-00001,20240821,2,91,1,2,2,1,3899.90,3899.90,389.99,3509.91,2799.90,710.01
3,ORD-00001,20240821,5,91,1,2,2,2,7499.90,14999.80,749.99,14249.81,5299.90,3650.01
4,ORD-00002,20240106,3,162,3,1,4,1,1799.90,1799.90,269.99,1529.91,1199.90,330.01
5,ORD-00002,20240106,15,162,3,1,4,1,249.90,249.90,24.99,224.91,119.90,105.01
6,ORD-00002,20240106,2,162,3,1,4,1,3899.90,3899.90,0.00,3899.90,2799.90,1100.00
7,ORD-00002,20240106,6,162,3,1,4,2,1699.90,3399.80,169.99,3229.81,1099.90,1030.01
8,ORD-00003,20240806,1,140,1,1,1,1,6299.90,6299.90,944.99,5354.91,4499.90,855.01
9,ORD-00004,20250410,1,30,2,1,11,1,6299.90,6299.90,315.00,5984.90,4499.90,1485.00
10,ORD-00005,20250603,9,98,2,1,9,3,699.90,2099.70,0.00,2099.70,379.90,960.00
11,ORD-00006,20240521,5,23,2,1,9,3,7499.90,22499.70,2249.97,20249.73,5299.90,4350.03
12,ORD-00006,20240521,6,23,2,1,9,1,1699.90,1699.90,169.99,1529.91,1099.90,430.01
13,ORD-00006,20240521,8,23,2,1,9,2,499.90,999.80,49.99,949.81,249.90,450.01
14,ORD-00006,20240521,10,23,2,1,9,1,1299.90,1299.90,129.99,1169.91,799.90,370.01
15,ORD-00007,20250301,6,20,1,1,9,1,1699.90,1699.90,0.00,1699.90,1099.90,600.00
16,ORD-00007,20250301,9,20,1,1,9,1,699.90,699.90,0.00,699.90,379.90,320.00
17,ORD-00008,20250116,2,2,1,1,14,2,3899.90,7799.80,779.98,7019.82,2799.90,1420.02
18,ORD-00008,20250116,1,2,1,1,14,1,6299.90,6299.90,315.00,5984.90,4499.90,1485.00
19,ORD-00008,20250116,12,2,1,1,14,1,329.90,329.90,32.99,296.91,169.90,127.01
20,ORD-00009,20250207,7,93,1,3,9,1,1399.90,1399.90,0.00,1399.90,899.90,500.00
21,ORD-00010,20240621,3,144,1,1,5,1,1799.90,1799.90,90.00,1709.90,1199.90,510.00
22,ORD-00010,20240621,5,144,1,1,5,1,7499.90,7499.90,0.00,7499.90,5299.90,2200.00
23,ORD-00010,20240621,8,144,1,1,5,3,499.90,1499.70,0.00,1499.70,249.90,750.00
24,ORD-00011,20240408,12,68,1,1,10,2,329.90,659.80,32.99,626.81,169.90,287.01
25,ORD-00011,20240408,9,68,1,1,10,2,699.90,1399.80,139.98,1259.82,379.90,500.02
26,ORD-00012,20250226,12,62,2,1,12,2,329.90,659.80,0.00,659.80,169.90,320.00
27,ORD-00013,20251212,8,69,2,1,11,1,499.90,499.90,0.00,499.90,249.90,250.00
28,ORD-00014,20240915,15,147,1,2,11,1,249.90,249.90,0.00,249.90,119.90,130.00
29,ORD-00015,20251202,8,56,2,1,3,1,499.90,499.90,0.00,499.90,249.90,250.00
30,ORD-00016,20250516,5,78,1,1,5,2,7499.90,14999.80,749.99,14249.81,5299.90,3650.01
31,ORD-00017,20240113,13,174,1,1,5,1,119.90,119.90,0.00,119.90,49.90,70.00
32,ORD-00017,20240113,12,174,1,1,5,1,329.90,329.90,16.50,313.40,169.90,143.50
33,ORD-00018,20250514,8,141,1,1,4,1,499.90,499.90,74.99,424.91,249.90,175.01
34,ORD-00018,20250514,13,141,1,1,4,2,119.90,239.80,11.99,227.81,49.90,128.01
35,ORD-00018,20250514,3,141,1,1,4,1,1799.90,1799.90,90.00,1709.90,1199.90,510.00
36,ORD-00019,20250714,15,31,2,1,2,2,249.90,499.80,0.00,499.80,119.90,260.00
37,ORD-00019,20250714,5,31,2,1,2,3,7499.90,22499.70,1124.99,21374.71,5299.90,5475.01
38,ORD-00020,20251013,15,168,2,4,12,1,249.90,249.90,24.99,224.91,119.90,105.01
39,ORD-00021,20250424,7,51,2,1,5,1,1399.90,1399.90,209.99,1189.91,899.90,290.01
40,ORD-00021,20250424,4,51,2,1,5,2,5499.90,10999.80,549.99,10449.81,3899.90,2650.01
41,ORD-00021,20250424,15,51,2,1,5,1,249.90,249.90,0.00,249.90,119.90,130.00
42,ORD-00022,20250222,9,137,2,1,8,2,699.90,1399.80,69.99,1329.81,379.90,570.01
43,ORD-00023,20250417,10,135,1,2,3,1,1299.90,1299.90,0.00,1299.90,799.90,500.00
44,ORD-00024,20251126,14,120,2,2,9,1,79.90,79.90,4.00,75.90,24.90,51.00
45,ORD-00024,20251126,12,120,2,2,9,1,329.90,329.90,32.99,296.91,169.90,127.01
46,ORD-00025,20240524,7,12,1,1,8,1,1399.90,1399.90,0.00,1399.90,899.90,500.00
47,ORD-00026,20240914,12,171,2,1,4,1,329.90,329.90,0.00,329.90,169.90,160.00
48,ORD-00026,20240914,2,171,2,1,4,2,3899.90,7799.80,389.99,7409.81,2799.90,1810.01
49,ORD-00027,20250831,3,137,3,1,3,1,1799.90,1799.90,179.99,1619.91,1199.90,420.01
50,ORD-00027,20250831,7,137,3,1,3,1,1399.90,1399.90,0.00,1399.90,899.90,500.00
51,ORD-00027,20250831,14,137,3,1,3,1,79.90,79.90,0.00,79.90,24.90,55.00
52,ORD-00028,20240504,6,147,2,1,10,1,1699.90,1699.90,0.00,1699.90,1099.90,600.00
53,ORD-00028,20240504,1,147,2,1,10,1,6299.90,6299.90,0.00,6299.90,4499.90,1800.00
54,ORD-00029,20240831,10,81,2,2,7,1,1299.90,1299.90,65.00,1234.90,799.90,435.00
55,ORD-00030,20250822,12,6,1,1,8,1,329.90,329.90,32.99,296.91,169.90,127.01
56,ORD-00031,20240216,14,3,2,1,7,2,79.90,159.80,0.00,159.80,24.90,110.00
57,ORD-00032,20251001,5,46,2,1,2,2,7499.90,14999.80,1499.98,13499.82,5299.90,2900.02
58,ORD-00032,20251001,10,46,2,1,2,1,1299.90,1299.90,65.00,1234.90,799.90,435.00
59,ORD-00033,20240121,9,120,2,2,6,1,699.90,699.90,69.99,629.91,379.90,250.01
60,ORD-00034,20240117,12,102,1,1,7,1,329.90,329.90,0.00,329.90,169.90,160.00
61,ORD-00035,20240222,6,58,1,4,5,3,1699.90,5099.70,0.00,5099.70,1099.90,1800.00
62,ORD-00036,20250518,1,62,2,4,10,1,6299.90,6299.90,0.00,6299.90,4499.90,1800.00
63,ORD-00036,20250518,7,62,2,4,10,1,1399.90,1399.90,209.99,1189.91,899.90,290.01
64,ORD-00037,20251126,7,51,2,3,14,1,1399.90,1399.90,0.00,1399.90,899.90,500.00
65,ORD-00038,20250716,15,90,3,2,5,1,249.90,249.90,12.50,237.40,119.90,117.50
66,ORD-00039,20240819,10,153,2,2,1,1,1299.90,1299.90,65.00,1234.90,799.90,435.00
67,ORD-00040,20250219,15,90,1,1,9,1,249.90,249.90,12.50,237.40,119.90,117.50
68,ORD-00041,20251101,13,101,1,1,11,1,119.90,119.90,0.00,119.90,49.90,70.00
69,ORD-00042,20240405,12,156,1,3,5,2,329.90,659.80,65.98,593.82,169.90,254.02
70,ORD-00043,20240804,1,76,1,1,9,2,6299.90,12599.80,1889.97,10709.83,4499.90,1710.03
71,ORD-00044,20250625,13,2,1,1,10,1,119.90,119.90,11.99,107.91,49.90,58.01
72,ORD-00045,20241107,9,31,2,1,11,2,699.90,1399.80,0.00,1399.80,379.90,640.00
73,ORD-00046,20251015,6,102,1,1,4,2,1699.90,3399.80,169.99,3229.81,1099.90,1030.01
74,ORD-00047,20240730,9,10,1,2,6,1,699.90,699.90,35.00,664.90,379.90,285.00
75,ORD-00048,20251202,13,39,1,4,6,1,119.90,119.90,11.99,107.91,49.90,58.01
76,ORD-00049,20241229,15,151,2,1,5,1,249.90,249.90,12.50,237.40,119.90,117.50
77,ORD-00049,20241229,9,151,2,1,5,1,699.90,699.90,35.00,664.90,379.90,285.00
78,ORD-00049,20241229,5,151,2,1,5,1,7499.90,7499.90,1124.99,6374.91,5299.90,1075.01
79,ORD-00050,20240318,7,94,1,2,10,2,1399.90,2799.80,419.97,2379.83,899.90,580.03
80,ORD-00051,20250731,13,46,1,3,2,1,119.90,119.90,11.99,107.91,49.90,58.01
81,ORD-00052,20250909,6,57,1,1,10,1,1699.90,1699.90,169.99,1529.91,1099.90,430.01
82,ORD-00053,20250115,5,55,1,1,12,2,7499.90,14999.80,0.00,14999.80,5299.90,4400.00
83,ORD-00053,20250115,13,55,1,1,12,1,119.90,119.90,6.00,113.90,49.90,64.00
84,ORD-00053,20250115,12,55,1,1,12,2,329.90,659.80,0.00,659.80,169.90,320.00
85,ORD-00053,20250115,6,55,1,1,12,2,1699.90,3399.80,509.97,2889.83,1099.90,690.03
86,ORD-00054,20240702,10,137,1,4,10,1,1299.90,1299.90,0.00,1299.90,799.90,500.00
87,ORD-00055,20241018,11,136,1,1,2,1,1199.90,1199.90,119.99,1079.91,699.90,380.01
88,ORD-00056,20240215,15,119,1,1,11,1,249.90,249.90,0.00,249.90,119.90,130.00
89,ORD-00056,20240215,5,119,1,1,11,1,7499.90,7499.90,1124.99,6374.91,5299.90,1075.01
90,ORD-00056,20240215,4,119,1,1,11,2,5499.90,10999.80,549.99,10449.81,3899.90,2650.01
91,ORD-00056,20240215,13,119,1,1,11,1,119.90,119.90,0.00,119.90,49.90,70.00
92,ORD-00057,20251201,5,180,1,1,10,1,7499.90,7499.90,375.00,7124.90,5299.90,1825.00
93,ORD-00058,20251120,10,142,1,3,12,1,1299.90,1299.90,0.00,1299.90,799.90,500.00
94,ORD-00059,20250602,6,122,1,1,11,1,1699.90,1699.90,85.00,1614.90,1099.90,515.00
95,ORD-00060,20250716,14,115,1,1,2,1,79.90,79.90,0.00,79.90,24.90,55.00
96,ORD-00061,20240724,10,156,3,3,13,1,1299.90,1299.90,0.00,1299.90,799.90,500.00
97,ORD-00061,20240724,15,156,3,3,13,1,249.90,249.90,12.50,237.40,119.90,117.50
98,ORD-00061,20240724,13,156,3,3,13,1,119.90,119.90,6.00,113.90,49.90,64.00
99,ORD-00062,20240622,12,158,3,1,9,2,329.90,659.80,32.99,626.81,169.90,287.01
100,ORD-00063,20241124,14,117,2,1,6,1,79.90,79.90,0.00,79.90,24.90,55.00
101,ORD-00063,20241124,2,117,2,1,6,1,3899.90,3899.90,0.00,3899.90,2799.90,1100.00
102,ORD-00063,20241124,7,117,2,1,6,1,1399.90,1399.90,70.00,1329.90,899.90,430.00
103,ORD-00064,20240709,12,145,2,1,7,1,329.90,329.90,0.00,329.90,169.90,160.00
104,ORD-00064,20240709,14,145,2,1,7,1,79.90,79.90,0.00,79.90,24.90,55.00
105,ORD-00065,20250421,11,44,1,2,1,1,1199.90,1199.90,0.00,1199.90,699.90,500.00
106,ORD-00065,20250421,7,44,1,2,1,1,1399.90,1399.90,70.00,1329.90,899.90,430.00
107,ORD-00066,20240712,9,89,2,1,8,1,699.90,699.90,0.00,699.90,379.90,320.00
108,ORD-00067,20250122,2,47,3,1,9,1,3899.90,3899.90,195.00,3704.90,2799.90,905.00
109,ORD-00068,20240310,15,165,1,1,10,1,249.90,249.90,0.00,249.90,119.90,130.00
110,ORD-00068,20240310,3,165,1,1,10,1,1799.90,1799.90,90.00,1709.90,1199.90,510.00
111,ORD-00069,20250423,11,29,2,3,9,1,1199.90,1199.90,0.00,1199.90,699.90,500.00
112,ORD-00070,20250723,3,114,3,1,13,1,1799.90,1799.90,90.00,1709.90,1199.90,510.00
113,ORD-00071,20251104,9,92,2,1,5,1,699.90,699.90,35.00,664.90,379.90,285.00
114,ORD-00071,20251104,14,92,2,1,5,1,79.90,79.90,7.99,71.91,24.90,47.01
115,ORD-00071,20251104,8,92,2,1,5,2,499.90,999.80,0.00,999.80,249.90,500.00
116,ORD-00072,20251104,11,64,1,1,12,1,1199.90,1199.90,60.00,1139.90,699.90,440.00
117,ORD-00073,20250126,12,177,1,1,12,1,329.90,329.90,32.99,296.91,169.90,127.01
118,ORD-00073,20250126,13,177,1,1,12,1,119.90,119.90,0.00,119.90,49.90,70.00
119,ORD-00073,20250126,1,177,1,1,12,1,6299.90,6299.90,315.00,5984.90,4499.90,1485.00
120,ORD-00074,20250421,2,5,1,1,13,2,3899.90,7799.80,0.00,7799.80,2799.90,2200.00
121,ORD-00074,20250421,8,5,1,1,13,1,499.90,499.90,0.00,499.90,249.90,250.00
122,ORD-00075,20240502,14,164,2,1,9,2,79.90,159.80,7.99,151.81,24.90,102.01
123,ORD-00076,20240911,9,65,2,1,5,2,699.90,1399.80,0.00,1399.80,379.90,640.00
124,ORD-00077,20251101,10,60,2,1,11,2,1299.90,2599.80,0.00,2599.80,799.90,1000.00
125,ORD-00077,20251101,4,60,2,1,11,1,5499.90,5499.90,0.00,5499.90,3899.90,1600.00
126,ORD-00078,20250615,12,118,1,1,14,2,329.90,659.80,32.99,626.81,169.90,287.01
127,ORD-00078,20250615,14,118,1,1,14,1,79.90,79.90,0.00,79.90,24.90,55.00
128,ORD-00078,20250615,8,118,1,1,14,3,499.90,1499.70,0.00,1499.70,249.90,750.00
129,ORD-00078,20250615,13,118,1,1,14,1,119.90,119.90,0.00,119.90,49.90,70.00
130,ORD-00079,20250414,4,52,2,1,4,1,5499.90,5499.90,0.00,5499.90,3899.90,1600.00
131,ORD-00080,20250801,4,5,1,1,4,1,5499.90,5499.90,275.00,5224.90,3899.90,1325.00
132,ORD-00081,20250220,15,78,3,5,10,1,249.90,249.90,0.00,249.90,119.90,130.00
133,ORD-00082,20240601,1,90,1,1,9,1,6299.90,6299.90,0.00,6299.90,4499.90,1800.00
134,ORD-00082,20240601,3,90,1,1,9,1,1799.90,1799.90,0.00,1799.90,1199.90,600.00
135,ORD-00082,20240601,5,90,1,1,9,1,7499.90,7499.90,375.00,7124.90,5299.90,1825.00
136,ORD-00083,20250317,6,145,2,2,13,1,1699.90,1699.90,254.99,1444.91,1099.90,345.01
137,ORD-00083,20250317,1,145,2,2,13,2,6299.90,12599.80,0.00,12599.80,4499.90,3600.00
138,ORD-00083,20250317,7,145,2,2,13,2,1399.90,2799.80,0.00,2799.80,899.90,1000.00
139,ORD-00084,20240522,5,131,2,1,14,1,7499.90,7499.90,375.00,7124.90,5299.90,1825.00
140,ORD-00084,20240522,4,131,2,1,14,1,5499.90,5499.90,275.00,5224.90,3899.90,1325.00
141,ORD-00085,20240926,15,140,3,2,4,1,249.90,249.90,0.00,249.90,119.90,130.00
142,ORD-00085,20240926,14,140,3,2,4,2,79.90,159.80,23.97,135.83,24.90,86.03
143,ORD-00086,20240626,15,38,3,1,12,1,249.90,249.90,37.49,212.41,119.90,92.51
144,ORD-00087,20240731,6,4,3,2,4,1,1699.90,1699.90,85.00,1614.90,1099.90,515.00
145,ORD-00088,20240423,9,51,1,1,3,2,699.90,1399.80,69.99,1329.81,379.90,570.01
146,ORD-00088,20240423,5,51,1,1,3,1,7499.90,7499.90,749.99,6749.91,5299.90,1450.01
147,ORD-00089,20240513,7,139,1,1,2,1,1399.90,1399.90,0.00,1399.90,899.90,500.00
148,ORD-00090,20250318,12,83,1,2,13,2,329.90,659.80,0.00,659.80,169.90,320.00
149,ORD-00091,20250208,11,125,1,1,4,1,1199.90,1199.90,60.00,1139.90,699.90,440.00
150,ORD-00092,20240918,10,114,1,2,2,2,1299.90,2599.80,259.98,2339.82,799.90,740.02
151,ORD-00093,20250708,7,54,1,4,12,1,1399.90,1399.90,70.00,1329.90,899.90,430.00
152,ORD-00094,20251219,6,19,1,2,10,1,1699.90,1699.90,254.99,1444.91,1099.90,345.01
153,ORD-00094,20251219,7,19,1,2,10,1,1399.90,1399.90,0.00,1399.90,899.90,500.00
154,ORD-00095,20251011,9,112,1,1,1,1,699.90,699.90,0.00,699.90,379.90,320.00
155,ORD-00095,20251011,14,112,1,1,1,1,79.90,79.90,0.00,79.90,24.90,55.00
156,ORD-00095,20251011,7,112,1,1,1,2,1399.90,2799.80,0.00,2799.80,899.90,1000.00
157,ORD-00096,20250310,5,89,1,2,2,1,7499.90,7499.90,375.00,7124.90,5299.90,1825.00
158,ORD-00096,20250310,2,89,1,2,2,2,3899.90,7799.80,779.98,7019.82,2799.90,1420.02
159,ORD-00096,20250310,7,89,1,2,2,1,1399.90,1399.90,0.00,1399.90,899.90,500.00
160,ORD-00097,20241213,8,17,3,4,5,1,499.90,499.90,74.99,424.91,249.90,175.01
161,ORD-00097,20241213,14,17,3,4,5,1,79.90,79.90,0.00,79.90,24.90,55.00
162,ORD-00098,20241024,13,112,1,1,11,1,119.90,119.90,11.99,107.91,49.90,58.01
163,ORD-00099,20241027,13,26,2,1,8,1,119.90,119.90,11.99,107.91,49.90,58.01
164,ORD-00100,20241227,12,86,2,1,10,1,329.90,329.90,16.50,313.40,169.90,143.50
165,ORD-00100,20241227,3,86,2,1,10,2,1799.90,3599.80,359.98,3239.82,1199.90,840.02
166,ORD-00100,20241227,15,86,2,1,10,1,249.90,249.90,12.50,237.40,119.90,117.50
167,ORD-00101,20250303,5,157,3,1,2,2,7499.90,14999.80,1499.98,13499.82,5299.90,2900.02
168,ORD-00101,20250303,9,157,3,1,2,1,699.90,699.90,35.00,664.90,379.90,285.00
169,ORD-00102,20240921,15,179,1,1,2,1,249.90,249.90,0.00,249.90,119.90,130.00
170,ORD-00103,20250206,2,81,1,1,10,2,3899.90,7799.80,389.99,7409.81,2799.90,1810.01
171,ORD-00103,20250206,5,81,1,1,10,1,7499.90,7499.90,749.99,6749.91,5299.90,1450.01
172,ORD-00104,20241220,9,171,1,4,13,1,699.90,699.90,35.00,664.90,379.90,285.00
173,ORD-00104,20241220,15,171,1,4,13,1,249.90,249.90,24.99,224.91,119.90,105.01
174,ORD-00105,20250614,6,10,2,1,2,1,1699.90,1699.90,85.00,1614.90,1099.90,515.00
175,ORD-00105,20250614,9,10,2,1,2,1,699.90,699.90,0.00,699.90,379.90,320.00
176,ORD-00105,20250614,11,10,2,1,2,1,1199.90,1199.90,60.00,1139.90,699.90,440.00
177,ORD-00106,20240830,11,75,3,3,5,1,1199.90,1199.90,0.00,1199.90,699.90,500.00
178,ORD-00107,20240511,13,158,1,1,1,1,119.90,119.90,0.00,119.90,49.90,70.00
179,ORD-00107,20240511,8,158,1,1,1,1,499.90,499.90,25.00,474.90,249.90,225.00
180,ORD-00108,20240716,15,165,1,1,2,2,249.90,499.80,0.00,499.80,119.90,260.00
181,ORD-00109,20250728,10,31,1,3,5,2,1299.90,2599.80,129.99,2469.81,799.90,870.01
182,ORD-00110,20240224,1,15,1,1,10,1,6299.90,6299.90,315.00,5984.90,4499.90,1485.00
183,ORD-00110,20240224,10,15,1,1,10,3,1299.90,3899.70,0.00,3899.70,799.90,1500.00
184,ORD-00111,20250428,5,113,2,1,12,1,7499.90,7499.90,749.99,6749.91,5299.90,1450.01
185,ORD-00112,20240301,14,121,1,1,4,1,79.90,79.90,0.00,79.90,24.90,55.00
186,ORD-00113,20250404,12,21,1,3,2,1,329.90,329.90,0.00,329.90,169.90,160.00
187,ORD-00113,20250404,15,21,1,3,2,2,249.90,499.80,0.00,499.80,119.90,260.00
188,ORD-00114,20240326,14,130,3,1,11,2,79.90,159.80,15.98,143.82,24.90,94.02
189,ORD-00114,20240326,2,130,3,1,11,1,3899.90,3899.90,195.00,3704.90,2799.90,905.00
190,ORD-00115,20250324,1,109,1,1,9,1,6299.90,6299.90,0.00,6299.90,4499.90,1800.00
191,ORD-00115,20250324,4,109,1,1,9,1,5499.90,5499.90,275.00,5224.90,3899.90,1325.00
192,ORD-00116,20251124,10,144,1,2,13,1,1299.90,1299.90,129.99,1169.91,799.90,370.01
193,ORD-00116,20251124,4,144,1,2,13,2,5499.90,10999.80,0.00,10999.80,3899.90,3200.00
194,ORD-00116,20251124,13,144,1,2,13,1,119.90,119.90,6.00,113.90,49.90,64.00
195,ORD-00116,20251124,7,144,1,2,13,2,1399.90,2799.80,0.00,2799.80,899.90,1000.00
196,ORD-00117,20240228,8,35,2,3,14,1,499.90,499.90,0.00,499.90,249.90,250.00
197,ORD-00117,20240228,10,35,2,3,14,1,1299.90,1299.90,0.00,1299.90,799.90,500.00
198,ORD-00118,20241030,8,19,1,5,4,2,499.90,999.80,99.98,899.82,249.90,400.02
199,ORD-00118,20241030,5,19,1,5,4,1,7499.90,7499.90,375.00,7124.90,5299.90,1825.00
200,ORD-00119,20250630,10,136,1,1,14,1,1299.90,1299.90,0.00,1299.90,799.90,500.00
201,ORD-00120,20251019,11,151,1,1,4,1,1199.90,1199.90,60.00,1139.90,699.90,440.00
202,ORD-00120,20251019,6,151,1,1,4,1,1699.90,1699.90,169.99,1529.91,1099.90,430.01
203,ORD-00121,20250628,14,136,2,4,6,1,79.90,79.90,0.00,79.90,24.90,55.00
204,ORD-00122,20251211,7,177,1,1,4,2,1399.90,2799.80,0.00,2799.80,899.90,1000.00
205,ORD-00122,20251211,6,177,1,1,4,1,1699.90,1699.90,0.00,1699.90,1099.90,600.00
206,ORD-00122,20251211,10,177,1,1,4,1,1299.90,1299.90,0.00,1299.90,799.90,500.00
207,ORD-00123,20250131,9,34,1,1,5,1,699.90,699.90,35.00,664.90,379.90,285.00
208,ORD-00124,20241010,4,3,2,4,1,1,5499.90,5499.90,275.00,5224.90,3899.90,1325.00
209,ORD-00125,20250507,7,171,1,2,2,1,1399.90,1399.90,70.00,1329.90,899.90,430.00
210,ORD-00125,20250507,14,171,1,2,2,1,79.90,79.90,0.00,79.90,24.90,55.00
211,ORD-00126,20251201,8,135,2,1,1,1,499.90,499.90,0.00,499.90,249.90,250.00
212,ORD-00127,20241213,12,127,2,2,2,2,329.90,659.80,65.98,593.82,169.90,254.02
213,ORD-00128,20240421,3,80,3,3,9,1,1799.90,1799.90,0.00,1799.90,1199.90,600.00
214,ORD-00129,20240506,3,161,1,1,14,1,1799.90,1799.90,179.99,1619.91,1199.90,420.01
215,ORD-00129,20240506,7,161,1,1,14,1,1399.90,1399.90,70.00,1329.90,899.90,430.00
216,ORD-00130,20240825,1,57,2,1,10,1,6299.90,6299.90,0.00,6299.90,4499.90,1800.00
217,ORD-00130,20240825,5,57,2,1,10,1,7499.90,7499.90,375.00,7124.90,5299.90,1825.00
218,ORD-00131,20250207,3,60,2,1,6,1,1799.90,1799.90,179.99,1619.91,1199.90,420.01
219,ORD-00131,20250207,12,60,2,1,6,1,329.90,329.90,49.49,280.41,169.90,110.51
220,ORD-00131,20250207,5,60,2,1,6,1,7499.90,7499.90,0.00,7499.90,5299.90,2200.00
221,ORD-00132,20250530,4,57,1,1,9,2,5499.90,10999.80,0.00,10999.80,3899.90,3200.00
222,ORD-00132,20250530,5,57,1,1,9,1,7499.90,7499.90,0.00,7499.90,5299.90,2200.00
223,ORD-00133,20240223,13,96,1,1,9,1,119.90,119.90,6.00,113.90,49.90,64.00
224,ORD-00134,20240626,3,104,1,3,7,1,1799.90,1799.90,0.00,1799.90,1199.90,600.00
225,ORD-00135,20240214,3,106,2,1,4,1,1799.90,1799.90,0.00,1799.90,1199.90,600.00
226,ORD-00136,20240126,9,166,1,2,9,1,699.90,699.90,0.00,699.90,379.90,320.00
227,ORD-00136,20240126,11,166,1,2,9,1,1199.90,1199.90,60.00,1139.90,699.90,440.00
228,ORD-00137,20250913,10,171,1,1,2,1,1299.90,1299.90,65.00,1234.90,799.90,435.00
229,ORD-00138,20240915,14,82,2,5,7,2,79.90,159.80,15.98,143.82,24.90,94.02
230,ORD-00139,20250908,8,57,2,1,7,1,499.90,499.90,0.00,499.90,249.90,250.00
231,ORD-00139,20250908,14,57,2,1,7,1,79.90,79.90,4.00,75.90,24.90,51.00
232,ORD-00140,20250509,15,143,2,4,4,1,249.90,249.90,0.00,249.90,119.90,130.00
233,ORD-00140,20250509,4,143,2,4,4,1,5499.90,5499.90,0.00,5499.90,3899.90,1600.00
234,ORD-00141,20241006,15,26,1,1,1,1,249.90,249.90,24.99,224.91,119.90,105.01
235,ORD-00141,20241006,2,26,1,1,1,2,3899.90,7799.80,389.99,7409.81,2799.90,1810.01
236,ORD-00141,20241006,12,26,1,1,1,1,329.90,329.90,0.00,329.90,169.90,160.00
237,ORD-00142,20250418,1,53,1,2,7,1,6299.90,6299.90,0.00,6299.90,4499.90,1800.00
238,ORD-00142,20250418,7,53,1,2,7,2,1399.90,2799.80,139.99,2659.81,899.90,860.01
239,ORD-00143,20240518,1,60,1,1,9,1,6299.90,6299.90,315.00,5984.90,4499.90,1485.00
240,ORD-00143,20240518,12,60,1,1,9,1,329.90,329.90,16.50,313.40,169.90,143.50
241,ORD-00143,20240518,5,60,1,1,9,1,7499.90,7499.90,375.00,7124.90,5299.90,1825.00
242,ORD-00144,20250710,14,164,2,4,12,1,79.90,79.90,0.00,79.90,24.90,55.00
243,ORD-00145,20240128,11,43,2,1,12,2,1199.90,2399.80,0.00,2399.80,699.90,1000.00
244,ORD-00146,20240827,5,96,1,1,2,2,7499.90,14999.80,0.00,14999.80,5299.90,4400.00
245,ORD-00146,20240827,12,96,1,1,2,1,329.90,329.90,16.50,313.40,169.90,143.50
246,ORD-00147,20250308,1,102,1,1,5,1,6299.90,6299.90,0.00,6299.90,4499.90,1800.00
247,ORD-00148,20240807,13,27,1,3,1,1,119.90,119.90,17.99,101.91,49.90,52.01
248,ORD-00148,20240807,9,27,1,3,1,1,699.90,699.90,35.00,664.90,379.90,285.00
249,ORD-00149,20241018,14,81,3,1,8,1,79.90,79.90,4.00,75.90,24.90,51.00
250,ORD-00150,20250731,4,109,2,1,8,1,5499.90,5499.90,549.99,4949.91,3899.90,1050.01
251,ORD-00151,20251112,10,133,1,1,2,2,1299.90,2599.80,129.99,2469.81,799.90,870.01
252,ORD-00152,20240813,8,77,1,3,5,1,499.90,499.90,0.00,499.90,249.90,250.00
253,ORD-00153,20241127,15,77,1,2,2,1,249.90,249.90,24.99,224.91,119.90,105.01
254,ORD-00154,20241112,11,21,1,2,1,3,1199.90,3599.70,0.00,3599.70,699.90,1500.00
255,ORD-00155,20240928,9,65,2,2,9,1,699.90,699.90,35.00,664.90,379.90,285.00
256,ORD-00156,20250917,2,177,1,1,7,1,3899.90,3899.90,0.00,3899.90,2799.90,1100.00
257,ORD-00156,20250917,13,177,1,1,7,2,119.90,239.80,35.97,203.83,49.90,104.03
258,ORD-00157,20240201,4,70,1,1,9,1,5499.90,5499.90,0.00,5499.90,3899.90,1600.00
259,ORD-00158,20251008,13,96,1,2,11,1,119.90,119.90,6.00,113.90,49.90,64.00
260,ORD-00158,20251008,5,96,1,2,11,2,7499.90,14999.80,1499.98,13499.82,5299.90,2900.02
261,ORD-00159,20240212,2,2,1,4,12,1,3899.90,3899.90,0.00,3899.90,2799.90,1100.00
262,ORD-00160,20240325,9,151,1,1,12,2,699.90,1399.80,0.00,1399.80,379.90,640.00
263,ORD-00160,20240325,1,151,1,1,12,2,6299.90,12599.80,629.99,11969.81,4499.90,2970.01
264,ORD-00161,20250713,1,56,2,1,5,1,6299.90,6299.90,315.00,5984.90,4499.90,1485.00
265,ORD-00161,20250713,5,56,2,1,5,2,7499.90,14999.80,749.99,14249.81,5299.90,3650.01
266,ORD-00162,20251118,1,77,2,2,3,1,6299.90,6299.90,315.00,5984.90,4499.90,1485.00
267,ORD-00163,20251114,4,71,1,1,6,1,5499.90,5499.90,824.99,4674.91,3899.90,775.01
268,ORD-00164,20250731,1,101,2,3,7,1,6299.90,6299.90,0.00,6299.90,4499.90,1800.00
269,ORD-00164,20250731,2,101,2,3,7,2,3899.90,7799.80,779.98,7019.82,2799.90,1420.02
270,ORD-00165,20250510,14,72,1,2,3,1,79.90,79.90,0.00,79.90,24.90,55.00
271,ORD-00165,20250510,10,72,1,2,3,1,1299.90,1299.90,0.00,1299.90,799.90,500.00
272,ORD-00166,20250415,9,54,2,2,3,2,699.90,1399.80,69.99,1329.81,379.90,570.01
273,ORD-00167,20250629,2,163,1,1,13,1,3899.90,3899.90,0.00,3899.90,2799.90,1100.00
274,ORD-00167,20250629,13,163,1,1,13,2,119.90,239.80,35.97,203.83,49.90,104.03
275,ORD-00168,20241120,1,61,2,1,12,1,6299.90,6299.90,629.99,5669.91,4499.90,1170.01
276,ORD-00168,20241120,12,61,2,1,12,1,329.90,329.90,16.50,313.40,169.90,143.50
277,ORD-00169,20240430,1,159,1,1,14,1,6299.90,6299.90,629.99,5669.91,4499.90,1170.01
278,ORD-00169,20240430,12,159,1,1,14,1,329.90,329.90,0.00,329.90,169.90,160.00
279,ORD-00169,20240430,14,159,1,1,14,1,79.90,79.90,0.00,79.90,24.90,55.00
280,ORD-00170,20240924,3,145,2,2,9,1,1799.90,1799.90,90.00,1709.90,1199.90,510.00
281,ORD-00171,20240710,14,72,1,2,10,1,79.90,79.90,7.99,71.91,24.90,47.01
282,ORD-00171,20240710,7,72,1,2,10,2,1399.90,2799.80,139.99,2659.81,899.90,860.01
283,ORD-00171,20240710,9,72,1,2,10,2,699.90,1399.80,0.00,1399.80,379.90,640.00
284,ORD-00172,20251017,7,71,1,2,10,2,1399.90,2799.80,139.99,2659.81,899.90,860.01
285,ORD-00172,20251017,6,71,1,2,10,1,1699.90,1699.90,85.00,1614.90,1099.90,515.00
286,ORD-00173,20250616,11,65,2,1,5,1,1199.90,1199.90,0.00,1199.90,699.90,500.00
287,ORD-00173,20250616,12,65,2,1,5,1,329.90,329.90,16.50,313.40,169.90,143.50
288,ORD-00174,20250113,6,166,1,1,12,1,1699.90,1699.90,0.00,1699.90,1099.90,600.00
289,ORD-00175,20250722,3,80,1,1,12,1,1799.90,1799.90,179.99,1619.91,1199.90,420.01
290,ORD-00175,20250722,14,80,1,1,12,1,79.90,79.90,4.00,75.90,24.90,51.00
291,ORD-00175,20250722,1,80,1,1,12,1,6299.90,6299.90,0.00,6299.90,4499.90,1800.00
292,ORD-00175,20250722,10,80,1,1,12,3,1299.90,3899.70,0.00,3899.70,799.90,1500.00
293,ORD-00176,20240506,3,134,3,1,9,2,1799.90,3599.80,179.99,3419.81,1199.90,1020.01
294,ORD-00177,20251112,2,109,1,1,2,1,3899.90,3899.90,0.00,3899.90,2799.90,1100.00
295,ORD-00177,20251112,14,109,1,1,2,2,79.90,159.80,15.98,143.82,24.90,94.02
296,ORD-00177,20251112,8,109,1,1,2,2,499.90,999.80,0.00,999.80,249.90,500.00
297,ORD-00177,20251112,9,109,1,1,2,2,699.90,1399.80,0.00,1399.80,379.90,640.00
298,ORD-00178,20251020,15,47,3,1,8,1,249.90,249.90,0.00,249.90,119.90,130.00
299,ORD-00178,20251020,13,47,3,1,8,1,119.90,119.90,0.00,119.90,49.90,70.00
300,ORD-00179,20250727,15,102,1,1,6,1,249.90,249.90,12.50,237.40,119.90,117.50
301,ORD-00180,20251204,8,91,2,4,13,2,499.90,999.80,49.99,949.81,249.90,450.01
302,ORD-00181,20250221,15,161,3,1,14,1,249.90,249.90,0.00,249.90,119.90,130.00
303,ORD-00181,20250221,3,161,3,1,14,1,1799.90,1799.90,90.00,1709.90,1199.90,510.00
304,ORD-00182,20240412,10,119,1,1,12,1,1299.90,1299.90,0.00,1299.90,799.90,500.00
305,ORD-00183,20240626,2,54,2,1,9,2,3899.90,7799.80,389.99,7409.81,2799.90,1810.01
306,ORD-00184,20251110,5,58,1,2,9,2,7499.90,14999.80,0.00,14999.80,5299.90,4400.00
307,ORD-00184,20251110,1,58,1,2,9,1,6299.90,6299.90,315.00,5984.90,4499.90,1485.00
308,ORD-00184,20251110,8,58,1,2,9,1,499.90,499.90,0.00,499.90,249.90,250.00
309,ORD-00184,20251110,14,58,1,2,9,1,79.90,79.90,7.99,71.91,24.90,47.01
310,ORD-00185,20240228,2,25,1,1,1,1,3899.90,3899.90,0.00,3899.90,2799.90,1100.00
311,ORD-00185,20240228,9,25,1,1,1,1,699.90,699.90,0.00,699.90,379.90,320.00
312,ORD-00185,20240228,8,25,1,1,1,1,499.90,499.90,0.00,499.90,249.90,250.00
313,ORD-00186,20240905,7,26,1,3,8,1,1399.90,1399.90,0.00,1399.90,899.90,500.00
314,ORD-00187,20241228,1,120,2,4,5,1,6299.90,6299.90,0.00,6299.90,4499.90,1800.00
315,ORD-00188,20251106,14,37,1,2,7,1,79.90,79.90,0.00,79.90,24.90,55.00
316,ORD-00188,20251106,7,37,1,2,7,1,1399.90,1399.90,70.00,1329.90,899.90,430.00
317,ORD-00189,20240127,10,127,1,1,12,2,1299.90,2599.80,129.99,2469.81,799.90,870.01
318,ORD-00189,20240127,6,127,1,1,12,1,1699.90,1699.90,0.00,1699.90,1099.90,600.00
319,ORD-00189,20240127,12,127,1,1,12,1,329.90,329.90,49.49,280.41,169.90,110.51
320,ORD-00190,20250525,5,26,3,1,1,1,7499.90,7499.90,749.99,6749.91,5299.90,1450.01
321,ORD-00191,20250402,13,129,2,1,10,1,119.90,119.90,11.99,107.91,49.90,58.01
322,ORD-00192,20240901,13,111,1,4,9,2,119.90,239.80,23.98,215.82,49.90,116.02
323,ORD-00193,20240118,1,117,1,1,9,2,6299.90,12599.80,0.00,12599.80,4499.90,3600.00
324,ORD-00193,20240118,15,117,1,1,9,2,249.90,499.80,0.00,499.80,119.90,260.00
325,ORD-00194,20240523,1,162,1,1,14,1,6299.90,6299.90,315.00,5984.90,4499.90,1485.00
326,ORD-00195,20240616,12,3,3,2,3,2,329.90,659.80,98.97,560.83,169.90,221.03
327,ORD-00195,20240616,5,3,3,2,3,1,7499.90,7499.90,375.00,7124.90,5299.90,1825.00
328,ORD-00195,20240616,11,3,3,2,3,1,1199.90,1199.90,0.00,1199.90,699.90,500.00
329,ORD-00195,20240616,14,3,3,2,3,1,79.90,79.90,7.99,71.91,24.90,47.01
330,ORD-00196,20250402,7,128,2,2,7,1,1399.90,1399.90,139.99,1259.91,899.90,360.01
331,ORD-00197,20250509,10,92,2,3,8,1,1299.90,1299.90,65.00,1234.90,799.90,435.00
332,ORD-00197,20250509,5,92,2,3,8,1,7499.90,7499.90,375.00,7124.90,5299.90,1825.00
333,ORD-00197,20250509,11,92,2,3,8,1,1199.90,1199.90,179.99,1019.91,699.90,320.01
334,ORD-00198,20240921,3,93,2,1,9,1,1799.90,1799.90,90.00,1709.90,1199.90,510.00
335,ORD-00199,20250928,12,170,2,2,13,2,329.90,659.80,0.00,659.80,169.90,320.00
336,ORD-00200,20240928,7,158,1,1,10,2,1399.90,2799.80,0.00,2799.80,899.90,1000.00
337,ORD-00201,20250112,1,35,1,1,6,2,6299.90,12599.80,1889.97,10709.83,4499.90,1710.03
338,ORD-00202,20250817,6,29,2,1,2,2,1699.90,3399.80,169.99,3229.81,1099.90,1030.01
339,ORD-00202,20250817,3,29,2,1,2,1,1799.90,1799.90,90.00,1709.90,1199.90,510.00
340,ORD-00202,20250817,8,29,2,1,2,2,499.90,999.80,0.00,999.80,249.90,500.00
341,ORD-00203,20240225,5,13,2,4,10,1,7499.90,7499.90,749.99,6749.91,5299.90,1450.01
342,ORD-00203,20240225,4,13,2,4,10,1,5499.90,5499.90,275.00,5224.90,3899.90,1325.00
343,ORD-00204,20241124,15,87,1,3,4,1,249.90,249.90,0.00,249.90,119.90,130.00
344,ORD-00205,20240221,12,157,2,2,12,3,329.90,989.70,98.97,890.73,169.90,381.03
345,ORD-00205,20240221,1,157,2,2,12,1,6299.90,6299.90,315.00,5984.90,4499.90,1485.00
346,ORD-00205,20240221,6,157,2,2,12,2,1699.90,3399.80,509.97,2889.83,1099.90,690.03
347,ORD-00206,20251011,1,92,2,1,10,1,6299.90,6299.90,315.00,5984.90,4499.90,1485.00
348,ORD-00206,20251011,15,92,2,1,10,1,249.90,249.90,12.50,237.40,119.90,117.50
349,ORD-00207,20240501,9,156,1,1,13,2,699.90,1399.80,69.99,1329.81,379.90,570.01
350,ORD-00208,20250603,15,155,1,2,9,2,249.90,499.80,0.00,499.80,119.90,260.00
351,ORD-00209,20250914,8,123,2,2,8,1,499.90,499.90,0.00,499.90,249.90,250.00
352,ORD-00209,20250914,13,123,2,2,8,2,119.90,239.80,0.00,239.80,49.90,140.00
353,ORD-00210,20250926,9,9,2,5,7,1,699.90,699.90,0.00,699.90,379.90,320.00
354,ORD-00210,20250926,8,9,2,5,7,1,499.90,499.90,49.99,449.91,249.90,200.01
355,ORD-00211,20240321,2,5,2,4,7,3,3899.90,11699.70,584.99,11114.71,2799.90,2715.01
356,ORD-00211,20240321,4,5,2,4,7,2,5499.90,10999.80,0.00,10999.80,3899.90,3200.00
357,ORD-00212,20240409,14,32,1,1,11,1,79.90,79.90,7.99,71.91,24.90,47.01
358,ORD-00212,20240409,2,32,1,1,11,1,3899.90,3899.90,195.00,3704.90,2799.90,905.00
359,ORD-00213,20250303,4,121,3,1,2,2,5499.90,10999.80,0.00,10999.80,3899.90,3200.00
360,ORD-00213,20250303,3,121,3,1,2,1,1799.90,1799.90,90.00,1709.90,1199.90,510.00
361,ORD-00214,20251016,2,42,2,1,11,2,3899.90,7799.80,0.00,7799.80,2799.90,2200.00
362,ORD-00215,20250801,2,155,2,1,2,1,3899.90,3899.90,0.00,3899.90,2799.90,1100.00
363,ORD-00215,20250801,12,155,2,1,2,1,329.90,329.90,49.49,280.41,169.90,110.51
364,ORD-00216,20250213,12,119,1,3,9,1,329.90,329.90,16.50,313.40,169.90,143.50
365,ORD-00216,20250213,11,119,1,3,9,1,1199.90,1199.90,0.00,1199.90,699.90,500.00
366,ORD-00216,20250213,4,119,1,3,9,1,5499.90,5499.90,0.00,5499.90,3899.90,1600.00
367,ORD-00216,20250213,2,119,1,3,9,1,3899.90,3899.90,0.00,3899.90,2799.90,1100.00
368,ORD-00217,20240301,11,62,2,1,5,2,1199.90,2399.80,239.98,2159.82,699.90,760.02
369,ORD-00218,20240607,14,64,1,1,14,1,79.90,79.90,0.00,79.90,24.90,55.00
370,ORD-00219,20250327,1,159,1,1,7,1,6299.90,6299.90,0.00,6299.90,4499.90,1800.00
371,ORD-00220,20250522,5,124,1,2,5,2,7499.90,14999.80,1499.98,13499.82,5299.90,2900.02
372,ORD-00221,20250421,14,10,3,1,6,1,79.90,79.90,0.00,79.90,24.90,55.00
373,ORD-00222,20240817,7,48,1,3,6,1,1399.90,1399.90,0.00,1399.90,899.90,500.00
374,ORD-00223,20240105,1,107,1,5,12,1,6299.90,6299.90,0.00,6299.90,4499.90,1800.00
375,ORD-00224,20241119,4,123,2,2,14,2,5499.90,10999.80,0.00,10999.80,3899.90,3200.00
376,ORD-00224,20241119,6,123,2,2,14,2,1699.90,3399.80,169.99,3229.81,1099.90,1030.01
377,ORD-00225,20240226,9,128,1,1,1,2,699.90,1399.80,139.98,1259.82,379.90,500.02
378,ORD-00225,20240226,2,128,1,1,1,2,3899.90,7799.80,0.00,7799.80,2799.90,2200.00
379,ORD-00226,20251005,1,81,1,1,8,1,6299.90,6299.90,315.00,5984.90,4499.90,1485.00
380,ORD-00227,20240109,10,126,1,1,10,1,1299.90,1299.90,129.99,1169.91,799.90,370.01
381,ORD-00227,20240109,15,126,1,1,10,1,249.90,249.90,0.00,249.90,119.90,130.00
382,ORD-00228,20240824,12,165,1,1,9,1,329.90,329.90,32.99,296.91,169.90,127.01
383,ORD-00228,20240824,4,165,1,1,9,1,5499.90,5499.90,824.99,4674.91,3899.90,775.01
384,ORD-00228,20240824,7,165,1,1,9,1,1399.90,1399.90,0.00,1399.90,899.90,500.00
385,ORD-00229,20240911,5,135,1,1,11,1,7499.90,7499.90,0.00,7499.90,5299.90,2200.00
386,ORD-00230,20250711,11,119,2,4,11,1,1199.90,1199.90,179.99,1019.91,699.90,320.01
387,ORD-00231,20241113,3,112,1,4,9,2,1799.90,3599.80,179.99,3419.81,1199.90,1020.01
388,ORD-00232,20251207,3,106,3,2,14,3,1799.90,5399.70,269.99,5129.71,1199.90,1530.01
389,ORD-00232,20251207,9,106,3,2,14,2,699.90,1399.80,0.00,1399.80,379.90,640.00
390,ORD-00233,20241007,2,175,3,4,10,1,3899.90,3899.90,389.99,3509.91,2799.90,710.01
391,ORD-00233,20241007,10,175,3,4,10,1,1299.90,1299.90,0.00,1299.90,799.90,500.00
392,ORD-00234,20250906,2,63,1,2,4,2,3899.90,7799.80,389.99,7409.81,2799.90,1810.01
393,ORD-00235,20240804,14,17,2,2,3,2,79.90,159.80,7.99,151.81,24.90,102.01
394,ORD-00236,20241209,15,129,1,1,5,1,249.90,249.90,0.00,249.90,119.90,130.00
395,ORD-00236,20241209,14,129,1,1,5,1,79.90,79.90,4.00,75.90,24.90,51.00
396,ORD-00236,20241209,1,129,1,1,5,1,6299.90,6299.90,315.00,5984.90,4499.90,1485.00
397,ORD-00237,20250305,14,107,2,1,7,1,79.90,79.90,11.99,67.91,24.90,43.01
398,ORD-00237,20250305,11,107,2,1,7,1,1199.90,1199.90,0.00,1199.90,699.90,500.00
399,ORD-00238,20250126,15,17,3,2,1,1,249.90,249.90,0.00,249.90,119.90,130.00
400,ORD-00238,20250126,13,17,3,2,1,1,119.90,119.90,11.99,107.91,49.90,58.01
401,ORD-00239,20250106,10,41,2,1,10,1,1299.90,1299.90,0.00,1299.90,799.90,500.00
402,ORD-00239,20250106,5,41,2,1,10,1,7499.90,7499.90,375.00,7124.90,5299.90,1825.00
403,ORD-00240,20251008,11,39,1,4,10,1,1199.90,1199.90,0.00,1199.90,699.90,500.00
404,ORD-00240,20251008,10,39,1,4,10,1,1299.90,1299.90,129.99,1169.91,799.90,370.01
405,ORD-00241,20240306,3,140,1,2,5,1,1799.90,1799.90,0.00,1799.90,1199.90,600.00
406,ORD-00241,20240306,10,140,1,2,5,1,1299.90,1299.90,65.00,1234.90,799.90,435.00
407,ORD-00241,20240306,1,140,1,2,5,1,6299.90,6299.90,629.99,5669.91,4499.90,1170.01
408,ORD-00242,20241031,5,69,1,1,13,1,7499.90,7499.90,0.00,7499.90,5299.90,2200.00
409,ORD-00242,20241031,4,69,1,1,13,2,5499.90,10999.80,0.00,10999.80,3899.90,3200.00
410,ORD-00243,20250627,10,111,1,1,6,1,1299.90,1299.90,0.00,1299.90,799.90,500.00
411,ORD-00243,20250627,5,111,1,1,6,2,7499.90,14999.80,0.00,14999.80,5299.90,4400.00
412,ORD-00243,20250627,2,111,1,1,6,2,3899.90,7799.80,1169.97,6629.83,2799.90,1030.03
413,ORD-00244,20241225,7,171,1,1,14,2,1399.90,2799.80,139.99,2659.81,899.90,860.01
414,ORD-00244,20241225,5,171,1,1,14,1,7499.90,7499.90,0.00,7499.90,5299.90,2200.00
415,ORD-00245,20250418,6,88,2,1,2,1,1699.90,1699.90,169.99,1529.91,1099.90,430.01
416,ORD-00246,20241215,14,152,2,1,4,1,79.90,79.90,0.00,79.90,24.90,55.00
417,ORD-00246,20241215,3,152,2,1,4,2,1799.90,3599.80,0.00,3599.80,1199.90,1200.00
418,ORD-00246,20241215,1,152,2,1,4,3,6299.90,18899.70,1889.97,17009.73,4499.90,3510.03
419,ORD-00247,20251204,1,81,1,1,7,1,6299.90,6299.90,0.00,6299.90,4499.90,1800.00
420,ORD-00248,20240710,7,121,1,2,13,1,1399.90,1399.90,209.99,1189.91,899.90,290.01
421,ORD-00248,20240710,2,121,1,2,13,1,3899.90,3899.90,195.00,3704.90,2799.90,905.00
422,ORD-00248,20240710,1,121,1,2,13,1,6299.90,6299.90,315.00,5984.90,4499.90,1485.00
423,ORD-00249,20241205,10,110,1,1,10,1,1299.90,1299.90,194.99,1104.91,799.90,305.01
424,ORD-00249,20241205,2,110,1,1,10,1,3899.90,3899.90,389.99,3509.91,2799.90,710.01
425,ORD-00249,20241205,4,110,1,1,10,2,5499.90,10999.80,1099.98,9899.82,3899.90,2100.02
426,ORD-00250,20250603,8,170,3,1,4,1,499.90,499.90,49.99,449.91,249.90,200.01
427,ORD-00250,20250603,3,170,3,1,4,2,1799.90,3599.80,359.98,3239.82,1199.90,840.02
428,ORD-00250,20250603,15,170,3,1,4,1,249.90,249.90,0.00,249.90,119.90,130.00
429,ORD-00251,20240720,2,123,2,1,7,1,3899.90,3899.90,0.00,3899.90,2799.90,1100.00
430,ORD-00251,20240720,3,123,2,1,7,1,1799.90,1799.90,0.00,1799.90,1199.90,600.00
431,ORD-00251,20240720,7,123,2,1,7,1,1399.90,1399.90,139.99,1259.91,899.90,360.01
432,ORD-00252,20241111,15,18,2,1,13,1,249.90,249.90,24.99,224.91,119.90,105.01
433,ORD-00252,20241111,12,18,2,1,13,1,329.90,329.90,0.00,329.90,169.90,160.00
434,ORD-00253,20241220,5,154,1,1,10,3,7499.90,22499.70,0.00,22499.70,5299.90,6600.00
435,ORD-00253,20241220,11,154,1,1,10,1,1199.90,1199.90,0.00,1199.90,699.90,500.00
436,ORD-00253,20241220,14,154,1,1,10,1,79.90,79.90,0.00,79.90,24.90,55.00
437,ORD-00254,20250426,13,65,2,2,9,2,119.90,239.80,0.00,239.80,49.90,140.00
438,ORD-00255,20240321,11,175,2,2,1,2,1199.90,2399.80,0.00,2399.80,699.90,1000.00
439,ORD-00255,20240321,9,175,2,2,1,1,699.90,699.90,35.00,664.90,379.90,285.00
440,ORD-00256,20251226,6,4,1,1,5,2,1699.90,3399.80,0.00,3399.80,1099.90,1200.00
441,ORD-00256,20251226,3,4,1,1,5,1,1799.90,1799.90,90.00,1709.90,1199.90,510.00
442,ORD-00256,20251226,13,4,1,1,5,2,119.90,239.80,23.98,215.82,49.90,116.02
443,ORD-00257,20240725,15,91,2,1,12,1,249.90,249.90,0.00,249.90,119.90,130.00
444,ORD-00258,20240707,1,128,1,1,5,1,6299.90,6299.90,629.99,5669.91,4499.90,1170.01
445,ORD-00258,20240707,12,128,1,1,5,1,329.90,329.90,0.00,329.90,169.90,160.00
446,ORD-00259,20251129,9,142,3,4,13,1,699.90,699.90,0.00,699.90,379.90,320.00
447,ORD-00260,20241002,12,114,3,1,14,2,329.90,659.80,0.00,659.80,169.90,320.00
448,ORD-00261,20251105,1,4,1,1,8,1,6299.90,6299.90,315.00,5984.90,4499.90,1485.00
449,ORD-00261,20251105,4,4,1,1,8,1,5499.90,5499.90,0.00,5499.90,3899.90,1600.00
450,ORD-00262,20251102,13,28,1,4,7,1,119.90,119.90,11.99,107.91,49.90,58.01
451,ORD-00262,20251102,6,28,1,4,7,1,1699.90,1699.90,85.00,1614.90,1099.90,515.00
452,ORD-00263,20240314,15,99,1,1,1,1,249.90,249.90,0.00,249.90,119.90,130.00
453,ORD-00264,20250325,15,16,2,1,7,1,249.90,249.90,12.50,237.40,119.90,117.50
454,ORD-00264,20250325,11,16,2,1,7,2,1199.90,2399.80,0.00,2399.80,699.90,1000.00
455,ORD-00264,20250325,3,16,2,1,7,1,1799.90,1799.90,0.00,1799.90,1199.90,600.00
456,ORD-00265,20240105,8,126,1,1,2,2,499.90,999.80,0.00,999.80,249.90,500.00
457,ORD-00265,20240105,11,126,1,1,2,1,1199.90,1199.90,119.99,1079.91,699.90,380.01
458,ORD-00266,20240202,12,128,1,1,3,2,329.90,659.80,32.99,626.81,169.90,287.01
459,ORD-00267,20250904,9,38,2,4,12,1,699.90,699.90,0.00,699.90,379.90,320.00
460,ORD-00268,20250118,11,25,2,1,8,1,1199.90,1199.90,0.00,1199.90,699.90,500.00
461,ORD-00269,20251123,7,174,3,1,6,1,1399.90,1399.90,0.00,1399.90,899.90,500.00
462,ORD-00270,20240206,11,153,3,1,13,1,1199.90,1199.90,119.99,1079.91,699.90,380.01
463,ORD-00270,20240206,6,153,3,1,13,1,1699.90,1699.90,85.00,1614.90,1099.90,515.00
464,ORD-00270,20240206,15,153,3,1,13,1,249.90,249.90,24.99,224.91,119.90,105.01
465,ORD-00270,20240206,13,153,3,1,13,1,119.90,119.90,0.00,119.90,49.90,70.00
466,ORD-00271,20240526,5,139,1,1,14,1,7499.90,7499.90,375.00,7124.90,5299.90,1825.00
467,ORD-00271,20240526,6,139,1,1,14,1,1699.90,1699.90,0.00,1699.90,1099.90,600.00
468,ORD-00272,20241231,15,163,1,1,7,1,249.90,249.90,12.50,237.40,119.90,117.50
469,ORD-00272,20241231,8,163,1,1,7,2,499.90,999.80,99.98,899.82,249.90,400.02
470,ORD-00273,20240308,6,112,3,1,2,1,1699.90,1699.90,0.00,1699.90,1099.90,600.00
471,ORD-00273,20240308,13,112,3,1,2,1,119.90,119.90,6.00,113.90,49.90,64.00
472,ORD-00274,20241001,6,46,2,1,9,3,1699.90,5099.70,509.97,4589.73,1099.90,1290.03
473,ORD-00275,20240314,4,138,2,2,5,1,5499.90,5499.90,0.00,5499.90,3899.90,1600.00
474,ORD-00275,20240314,11,138,2,2,5,2,1199.90,2399.80,0.00,2399.80,699.90,1000.00
475,ORD-00276,20240203,3,117,2,2,5,1,1799.90,1799.90,0.00,1799.90,1199.90,600.00
476,ORD-00276,20240203,13,117,2,2,5,1,119.90,119.90,6.00,113.90,49.90,64.00
477,ORD-00277,20250715,14,29,3,1,14,1,79.90,79.90,4.00,75.90,24.90,51.00
478,ORD-00277,20250715,10,29,3,1,14,1,1299.90,1299.90,194.99,1104.91,799.90,305.01
479,ORD-00278,20240805,4,151,1,1,9,2,5499.90,10999.80,1099.98,9899.82,3899.90,2100.02
480,ORD-00278,20240805,7,151,1,1,9,1,1399.90,1399.90,0.00,1399.90,899.90,500.00
481,ORD-00279,20251130,3,163,1,1,10,2,1799.90,3599.80,359.98,3239.82,1199.90,840.02
482,ORD-00280,20250831,12,104,1,1,8,1,329.90,329.90,16.50,313.40,169.90,143.50
483,ORD-00280,20250831,1,104,1,1,8,1,6299.90,6299.90,0.00,6299.90,4499.90,1800.00
484,ORD-00280,20250831,5,104,1,1,8,1,7499.90,7499.90,0.00,7499.90,5299.90,2200.00
485,ORD-00281,20240902,10,100,1,1,4,1,1299.90,1299.90,129.99,1169.91,799.90,370.01
486,ORD-00281,20240902,6,100,1,1,4,1,1699.90,1699.90,0.00,1699.90,1099.90,600.00
487,ORD-00281,20240902,15,100,1,1,4,3,249.90,749.70,74.97,674.73,119.90,315.03
488,ORD-00282,20250718,6,141,2,1,12,1,1699.90,1699.90,0.00,1699.90,1099.90,600.00
489,ORD-00282,20250718,14,141,2,1,12,2,79.90,159.80,7.99,151.81,24.90,102.01
490,ORD-00282,20250718,1,141,2,1,12,1,6299.90,6299.90,629.99,5669.91,4499.90,1170.01
491,ORD-00283,20241111,1,115,3,1,14,1,6299.90,6299.90,0.00,6299.90,4499.90,1800.00
492,ORD-00283,20241111,15,115,3,1,14,1,249.90,249.90,0.00,249.90,119.90,130.00
493,ORD-00283,20241111,7,115,3,1,14,2,1399.90,2799.80,279.98,2519.82,899.90,720.02
494,ORD-00284,20250404,10,84,2,1,5,2,1299.90,2599.80,0.00,2599.80,799.90,1000.00
495,ORD-00285,20241216,11,121,2,1,1,1,1199.90,1199.90,0.00,1199.90,699.90,500.00
496,ORD-00285,20241216,15,121,2,1,1,2,249.90,499.80,24.99,474.81,119.90,235.01
497,ORD-00285,20241216,2,121,2,1,1,2,3899.90,7799.80,0.00,7799.80,2799.90,2200.00
498,ORD-00285,20241216,6,121,2,1,1,3,1699.90,5099.70,0.00,5099.70,1099.90,1800.00
499,ORD-00286,20240624,4,114,1,2,7,1,5499.90,5499.90,0.00,5499.90,3899.90,1600.00
500,ORD-00286,20240624,1,114,1,2,7,1,6299.90,6299.90,629.99,5669.91,4499.90,1170.01
501,ORD-00287,20250905,8,159,1,1,8,2,499.90,999.80,49.99,949.81,249.90,450.01
502,ORD-00287,20250905,2,159,1,1,8,2,3899.90,7799.80,389.99,7409.81,2799.90,1810.01
503,ORD-00288,20241020,12,157,1,1,5,3,329.90,989.70,0.00,989.70,169.90,480.00
504,ORD-00289,20241009,9,66,2,1,6,1,699.90,699.90,0.00,699.90,379.90,320.00
505,ORD-00290,20240824,2,140,1,1,14,1,3899.90,3899.90,0.00,3899.90,2799.90,1100.00
506,ORD-00290,20240824,7,140,1,1,14,1,1399.90,1399.90,0.00,1399.90,899.90,500.00
507,ORD-00291,20240422,7,156,2,1,13,1,1399.90,1399.90,70.00,1329.90,899.90,430.00
508,ORD-00292,20250531,8,93,1,1,4,1,499.90,499.90,49.99,449.91,249.90,200.01
509,ORD-00293,20240730,6,111,1,1,5,1,1699.90,1699.90,169.99,1529.91,1099.90,430.01
510,ORD-00294,20250531,4,150,2,4,14,1,5499.90,5499.90,275.00,5224.90,3899.90,1325.00
511,ORD-00295,20251019,4,99,1,1,7,1,5499.90,5499.90,275.00,5224.90,3899.90,1325.00
512,ORD-00296,20251230,2,157,1,1,14,1,3899.90,3899.90,195.00,3704.90,2799.90,905.00
513,ORD-00297,20240611,2,175,1,2,10,1,3899.90,3899.90,389.99,3509.91,2799.90,710.01
514,ORD-00298,20250630,13,159,2,1,11,1,119.90,119.90,6.00,113.90,49.90,64.00
515,ORD-00298,20250630,1,159,2,1,11,1,6299.90,6299.90,315.00,5984.90,4499.90,1485.00
516,ORD-00298,20250630,10,159,2,1,11,1,1299.90,1299.90,0.00,1299.90,799.90,500.00
517,ORD-00299,20241029,5,8,2,1,14,1,7499.90,7499.90,749.99,6749.91,5299.90,1450.01
518,ORD-00300,20251022,2,9,1,1,1,1,3899.90,3899.90,195.00,3704.90,2799.90,905.00
519,ORD-00301,20250404,4,174,3,2,6,1,5499.90,5499.90,549.99,4949.91,3899.90,1050.01
520,ORD-00302,20240113,4,130,1,1,5,2,5499.90,10999.80,1099.98,9899.82,3899.90,2100.02
521,ORD-00303,20240409,3,95,1,1,12,1,1799.90,1799.90,0.00,1799.90,1199.90,600.00
522,ORD-00304,20240806,9,89,2,1,8,1,699.90,699.90,104.99,594.91,379.90,215.01
523,ORD-00305,20250226,3,155,2,1,13,1,1799.90,1799.90,90.00,1709.90,1199.90,510.00
524,ORD-00305,20250226,9,155,2,1,13,1,699.90,699.90,0.00,699.90,379.90,320.00
525,ORD-00305,20250226,2,155,2,1,13,1,3899.90,3899.90,195.00,3704.90,2799.90,905.00
526,ORD-00305,20250226,15,155,2,1,13,1,249.90,249.90,37.49,212.41,119.90,92.51
527,ORD-00306,20240422,5,165,1,1,7,1,7499.90,7499.90,749.99,6749.91,5299.90,1450.01
528,ORD-00306,20240422,1,165,1,1,7,1,6299.90,6299.90,0.00,6299.90,4499.90,1800.00
529,ORD-00307,20250929,5,139,1,2,8,2,7499.90,14999.80,749.99,14249.81,5299.90,3650.01
530,ORD-00308,20240514,4,46,1,1,13,1,5499.90,5499.90,275.00,5224.90,3899.90,1325.00
531,ORD-00309,20250713,7,154,2,1,13,2,1399.90,2799.80,139.99,2659.81,899.90,860.01
532,ORD-00310,20250419,7,126,1,1,3,1,1399.90,1399.90,0.00,1399.90,899.90,500.00
533,ORD-00311,20240507,6,135,2,1,2,1,1699.90,1699.90,169.99,1529.91,1099.90,430.01
534,ORD-00312,20240926,14,172,1,3,3,2,79.90,159.80,0.00,159.80,24.90,110.00
535,ORD-00313,20250301,11,32,2,1,14,1,1199.90,1199.90,179.99,1019.91,699.90,320.01
536,ORD-00314,20250209,2,33,1,1,4,1,3899.90,3899.90,195.00,3704.90,2799.90,905.00
537,ORD-00315,20241218,12,77,1,4,13,1,329.90,329.90,32.99,296.91,169.90,127.01
538,ORD-00315,20241218,10,77,1,4,13,1,1299.90,1299.90,65.00,1234.90,799.90,435.00
539,ORD-00315,20241218,8,77,1,4,13,1,499.90,499.90,0.00,499.90,249.90,250.00
540,ORD-00316,20240712,15,29,2,1,2,1,249.90,249.90,0.00,249.90,119.90,130.00
541,ORD-00316,20240712,4,29,2,1,2,1,5499.90,5499.90,275.00,5224.90,3899.90,1325.00
542,ORD-00316,20240712,8,29,2,1,2,2,499.90,999.80,0.00,999.80,249.90,500.00
543,ORD-00317,20250221,8,128,2,4,13,1,499.90,499.90,0.00,499.90,249.90,250.00
544,ORD-00317,20250221,14,128,2,4,13,1,79.90,79.90,4.00,75.90,24.90,51.00
545,ORD-00318,20251224,11,173,2,1,7,1,1199.90,1199.90,60.00,1139.90,699.90,440.00
546,ORD-00318,20251224,13,173,2,1,7,2,119.90,239.80,0.00,239.80,49.90,140.00
547,ORD-00319,20240808,5,103,1,2,10,1,7499.90,7499.90,375.00,7124.90,5299.90,1825.00
548,ORD-00320,20240718,9,68,3,1,7,2,699.90,1399.80,69.99,1329.81,379.90,570.01
549,ORD-00321,20241102,15,134,1,2,3,1,249.90,249.90,37.49,212.41,119.90,92.51
550,ORD-00321,20241102,5,134,1,2,3,1,7499.90,7499.90,0.00,7499.90,5299.90,2200.00
551,ORD-00321,20241102,9,134,1,2,3,1,699.90,699.90,0.00,699.90,379.90,320.00
552,ORD-00322,20250204,9,124,2,1,1,1,699.90,699.90,0.00,699.90,379.90,320.00
553,ORD-00323,20241010,12,132,1,3,10,1,329.90,329.90,0.00,329.90,169.90,160.00
554,ORD-00324,20241231,11,45,2,4,12,1,1199.90,1199.90,0.00,1199.90,699.90,500.00
555,ORD-00324,20241231,6,45,2,4,12,1,1699.90,1699.90,169.99,1529.91,1099.90,430.01
556,ORD-00325,20250402,4,123,1,1,9,1,5499.90,5499.90,275.00,5224.90,3899.90,1325.00
557,ORD-00325,20250402,9,123,1,1,9,1,699.90,699.90,0.00,699.90,379.90,320.00
558,ORD-00326,20240715,2,12,2,1,2,1,3899.90,3899.90,389.99,3509.91,2799.90,710.01
559,ORD-00327,20240607,10,124,2,2,7,1,1299.90,1299.90,65.00,1234.90,799.90,435.00
560,ORD-00327,20240607,2,124,2,2,7,2,3899.90,7799.80,0.00,7799.80,2799.90,2200.00
561,ORD-00327,20240607,3,124,2,2,7,1,1799.90,1799.90,0.00,1799.90,1199.90,600.00
562,ORD-00327,20240607,14,124,2,2,7,1,79.90,79.90,0.00,79.90,24.90,55.00
563,ORD-00328,20250128,6,170,1,1,9,1,1699.90,1699.90,0.00,1699.90,1099.90,600.00
564,ORD-00329,20250522,11,141,1,1,8,1,1199.90,1199.90,119.99,1079.91,699.90,380.01
565,ORD-00329,20250522,10,141,1,1,8,1,1299.90,1299.90,0.00,1299.90,799.90,500.00
566,ORD-00330,20240710,6,32,1,1,10,2,1699.90,3399.80,339.98,3059.82,1099.90,860.02
567,ORD-00330,20240710,10,32,1,1,10,1,1299.90,1299.90,0.00,1299.90,799.90,500.00
568,ORD-00331,20240805,5,50,1,1,8,2,7499.90,14999.80,1499.98,13499.82,5299.90,2900.02
569,ORD-00331,20240805,4,50,1,1,8,1,5499.90,5499.90,275.00,5224.90,3899.90,1325.00
570,ORD-00332,20250723,4,127,1,1,11,2,5499.90,10999.80,0.00,10999.80,3899.90,3200.00
571,ORD-00332,20250723,7,127,1,1,11,2,1399.90,2799.80,0.00,2799.80,899.90,1000.00
572,ORD-00333,20240906,7,62,1,1,7,3,1399.90,4199.70,209.99,3989.71,899.90,1290.01
573,ORD-00334,20241121,14,42,1,5,3,1,79.90,79.90,0.00,79.90,24.90,55.00
574,ORD-00334,20241121,12,42,1,5,3,1,329.90,329.90,32.99,296.91,169.90,127.01
575,ORD-00335,20250808,11,101,3,4,7,2,1199.90,2399.80,239.98,2159.82,699.90,760.02
576,ORD-00336,20250619,4,69,1,1,1,1,5499.90,5499.90,0.00,5499.90,3899.90,1600.00
577,ORD-00336,20250619,1,69,1,1,1,1,6299.90,6299.90,0.00,6299.90,4499.90,1800.00
578,ORD-00337,20240529,14,98,1,1,5,1,79.90,79.90,4.00,75.90,24.90,51.00
579,ORD-00338,20250515,15,38,1,4,3,1,249.90,249.90,0.00,249.90,119.90,130.00
580,ORD-00339,20251016,7,12,2,2,8,1,1399.90,1399.90,139.99,1259.91,899.90,360.01
581,ORD-00339,20251016,14,12,2,2,8,1,79.90,79.90,0.00,79.90,24.90,55.00
582,ORD-00340,20250213,14,19,2,2,12,1,79.90,79.90,7.99,71.91,24.90,47.01
583,ORD-00340,20250213,1,19,2,2,12,1,6299.90,6299.90,315.00,5984.90,4499.90,1485.00
584,ORD-00340,20250213,3,19,2,2,12,1,1799.90,1799.90,269.99,1529.91,1199.90,330.01
585,ORD-00340,20250213,10,19,2,2,12,2,1299.90,2599.80,129.99,2469.81,799.90,870.01
586,ORD-00341,20240304,14,167,2,1,2,1,79.90,79.90,7.99,71.91,24.90,47.01
587,ORD-00342,20240219,5,150,1,1,13,2,7499.90,14999.80,0.00,14999.80,5299.90,4400.00
588,ORD-00342,20240219,14,150,1,1,13,3,79.90,239.70,23.97,215.73,24.90,141.03
589,ORD-00342,20240219,9,150,1,1,13,3,699.90,2099.70,314.96,1784.74,379.90,645.04
590,ORD-00343,20251027,4,28,2,1,2,3,5499.90,16499.70,1649.97,14849.73,3899.90,3150.03
591,ORD-00344,20240207,15,142,1,1,14,2,249.90,499.80,0.00,499.80,119.90,260.00
592,ORD-00344,20240207,5,142,1,1,14,1,7499.90,7499.90,0.00,7499.90,5299.90,2200.00
593,ORD-00345,20240210,1,112,1,2,4,2,6299.90,12599.80,0.00,12599.80,4499.90,3600.00
594,ORD-00345,20240210,2,112,1,2,4,2,3899.90,7799.80,0.00,7799.80,2799.90,2200.00
595,ORD-00345,20240210,6,112,1,2,4,2,1699.90,3399.80,169.99,3229.81,1099.90,1030.01
596,ORD-00345,20240210,4,112,1,2,4,3,5499.90,16499.70,0.00,16499.70,3899.90,4800.00
597,ORD-00346,20250326,2,72,1,1,1,1,3899.90,3899.90,0.00,3899.90,2799.90,1100.00
598,ORD-00347,20251013,7,81,1,3,1,1,1399.90,1399.90,70.00,1329.90,899.90,430.00
599,ORD-00347,20251013,10,81,1,3,1,1,1299.90,1299.90,129.99,1169.91,799.90,370.01
600,ORD-00348,20240424,1,128,2,1,10,1,6299.90,6299.90,944.99,5354.91,4499.90,855.01
601,ORD-00349,20250111,10,148,2,2,11,1,1299.90,1299.90,194.99,1104.91,799.90,305.01
602,ORD-00349,20250111,9,148,2,2,11,1,699.90,699.90,69.99,629.91,379.90,250.01
603,ORD-00349,20250111,7,148,2,2,11,1,1399.90,1399.90,0.00,1399.90,899.90,500.00
604,ORD-00349,20250111,15,148,2,2,11,1,249.90,249.90,12.50,237.40,119.90,117.50
605,ORD-00350,20250525,8,49,2,5,6,2,499.90,999.80,0.00,999.80,249.90,500.00
606,ORD-00351,20251219,3,80,1,1,14,1,1799.90,1799.90,0.00,1799.90,1199.90,600.00
607,ORD-00352,20251205,5,116,2,2,2,1,7499.90,7499.90,1124.99,6374.91,5299.90,1075.01
608,ORD-00352,20251205,6,116,2,2,2,1,1699.90,1699.90,85.00,1614.90,1099.90,515.00
609,ORD-00352,20251205,11,116,2,2,2,1,1199.90,1199.90,0.00,1199.90,699.90,500.00
610,ORD-00353,20251116,5,112,1,1,8,1,7499.90,7499.90,749.99,6749.91,5299.90,1450.01
611,ORD-00353,20251116,4,112,1,1,8,1,5499.90,5499.90,0.00,5499.90,3899.90,1600.00
612,ORD-00353,20251116,6,112,1,1,8,1,1699.90,1699.90,0.00,1699.90,1099.90,600.00
613,ORD-00354,20250430,4,72,1,1,5,2,5499.90,10999.80,1099.98,9899.82,3899.90,2100.02
614,ORD-00354,20250430,5,72,1,1,5,1,7499.90,7499.90,0.00,7499.90,5299.90,2200.00
615,ORD-00354,20250430,15,72,1,1,5,1,249.90,249.90,0.00,249.90,119.90,130.00
616,ORD-00355,20240223,6,56,3,1,1,2,1699.90,3399.80,509.97,2889.83,1099.90,690.03
617,ORD-00355,20240223,12,56,3,1,1,1,329.90,329.90,16.50,313.40,169.90,143.50
618,ORD-00355,20240223,15,56,3,1,1,1,249.90,249.90,0.00,249.90,119.90,130.00
619,ORD-00356,20240716,12,128,2,1,6,2,329.90,659.80,65.98,593.82,169.90,254.02
620,ORD-00357,20240222,7,139,2,1,2,1,1399.90,1399.90,0.00,1399.90,899.90,500.00
621,ORD-00358,20251020,1,44,2,3,3,1,6299.90,6299.90,0.00,6299.90,4499.90,1800.00
622,ORD-00359,20240524,12,171,1,3,4,1,329.90,329.90,16.50,313.40,169.90,143.50
623,ORD-00359,20240524,14,171,1,3,4,2,79.90,159.80,0.00,159.80,24.90,110.00
624,ORD-00359,20240524,7,171,1,3,4,1,1399.90,1399.90,70.00,1329.90,899.90,430.00
625,ORD-00360,20250228,5,31,2,1,1,2,7499.90,14999.80,0.00,14999.80,5299.90,4400.00
626,ORD-00360,20250228,8,31,2,1,1,2,499.90,999.80,0.00,999.80,249.90,500.00
627,ORD-00361,20251219,14,175,1,3,8,1,79.90,79.90,7.99,71.91,24.90,47.01
628,ORD-00361,20251219,4,175,1,3,8,1,5499.90,5499.90,549.99,4949.91,3899.90,1050.01
629,ORD-00361,20251219,12,175,1,3,8,2,329.90,659.80,0.00,659.80,169.90,320.00
630,ORD-00362,20240121,6,65,2,4,8,1,1699.90,1699.90,85.00,1614.90,1099.90,515.00
631,ORD-00362,20240121,8,65,2,4,8,1,499.90,499.90,25.00,474.90,249.90,225.00
632,ORD-00362,20240121,2,65,2,4,8,1,3899.90,3899.90,0.00,3899.90,2799.90,1100.00
633,ORD-00362,20240121,15,65,2,4,8,1,249.90,249.90,0.00,249.90,119.90,130.00
634,ORD-00363,20240109,11,165,2,1,10,1,1199.90,1199.90,119.99,1079.91,699.90,380.01
635,ORD-00364,20250921,12,113,2,3,14,1,329.90,329.90,0.00,329.90,169.90,160.00
636,ORD-00364,20250921,3,113,2,3,14,1,1799.90,1799.90,179.99,1619.91,1199.90,420.01
637,ORD-00365,20240501,9,26,1,1,7,1,699.90,699.90,0.00,699.90,379.90,320.00
638,ORD-00365,20240501,5,26,1,1,7,1,7499.90,7499.90,0.00,7499.90,5299.90,2200.00
639,ORD-00365,20240501,15,26,1,1,7,1,249.90,249.90,0.00,249.90,119.90,130.00
640,ORD-00366,20240721,7,135,1,1,9,1,1399.90,1399.90,70.00,1329.90,899.90,430.00
641,ORD-00366,20240721,9,135,1,1,9,3,699.90,2099.70,104.99,1994.71,379.90,855.01
642,ORD-00367,20241213,10,151,1,1,1,3,1299.90,3899.70,389.97,3509.73,799.90,1110.03
643,ORD-00368,20240815,3,111,2,1,12,1,1799.90,1799.90,0.00,1799.90,1199.90,600.00
644,ORD-00368,20240815,11,111,2,1,12,1,1199.90,1199.90,0.00,1199.90,699.90,500.00
645,ORD-00369,20240205,9,17,1,4,14,1,699.90,699.90,69.99,629.91,379.90,250.01
646,ORD-00370,20251125,14,40,1,1,5,1,79.90,79.90,7.99,71.91,24.90,47.01
647,ORD-00371,20250512,6,123,1,3,13,1,1699.90,1699.90,0.00,1699.90,1099.90,600.00
648,ORD-00371,20250512,14,123,1,3,13,1,79.90,79.90,4.00,75.90,24.90,51.00
649,ORD-00372,20240423,8,29,1,1,8,1,499.90,499.90,0.00,499.90,249.90,250.00
650,ORD-00373,20240621,10,108,1,1,4,2,1299.90,2599.80,129.99,2469.81,799.90,870.01
651,ORD-00373,20240621,4,108,1,1,4,1,5499.90,5499.90,275.00,5224.90,3899.90,1325.00
652,ORD-00374,20240725,13,168,1,5,8,2,119.90,239.80,0.00,239.80,49.90,140.00
653,ORD-00375,20240223,9,82,2,1,7,2,699.90,1399.80,209.97,1189.83,379.90,430.03
654,ORD-00375,20240223,10,82,2,1,7,1,1299.90,1299.90,0.00,1299.90,799.90,500.00
655,ORD-00376,20240113,5,128,2,1,9,1,7499.90,7499.90,0.00,7499.90,5299.90,2200.00
656,ORD-00376,20240113,8,128,2,1,9,3,499.90,1499.70,149.97,1349.73,249.90,600.03
657,ORD-00376,20240113,7,128,2,1,9,1,1399.90,1399.90,139.99,1259.91,899.90,360.01
658,ORD-00377,20250326,9,33,1,1,7,1,699.90,699.90,0.00,699.90,379.90,320.00
659,ORD-00378,20251106,5,59,2,1,5,1,7499.90,7499.90,0.00,7499.90,5299.90,2200.00
660,ORD-00378,20251106,6,59,2,1,5,1,1699.90,1699.90,254.99,1444.91,1099.90,345.01
661,ORD-00379,20250106,13,54,1,2,13,1,119.90,119.90,6.00,113.90,49.90,64.00
662,ORD-00379,20250106,3,54,1,2,13,1,1799.90,1799.90,0.00,1799.90,1199.90,600.00
663,ORD-00380,20250103,8,145,2,1,3,2,499.90,999.80,49.99,949.81,249.90,450.01
664,ORD-00381,20250115,11,139,3,1,13,1,1199.90,1199.90,60.00,1139.90,699.90,440.00
665,ORD-00382,20240715,12,4,2,1,10,1,329.90,329.90,0.00,329.90,169.90,160.00
666,ORD-00382,20240715,8,4,2,1,10,1,499.90,499.90,49.99,449.91,249.90,200.01
667,ORD-00382,20240715,4,4,2,1,10,1,5499.90,5499.90,275.00,5224.90,3899.90,1325.00
668,ORD-00383,20240303,9,60,1,3,12,1,699.90,699.90,69.99,629.91,379.90,250.01
669,ORD-00383,20240303,3,60,1,3,12,1,1799.90,1799.90,0.00,1799.90,1199.90,600.00
670,ORD-00384,20240712,14,157,1,2,1,2,79.90,159.80,15.98,143.82,24.90,94.02
671,ORD-00385,20241010,9,180,1,2,8,2,699.90,1399.80,0.00,1399.80,379.90,640.00
672,ORD-00385,20241010,13,180,1,2,8,1,119.90,119.90,0.00,119.90,49.90,70.00
673,ORD-00385,20241010,6,180,1,2,8,1,1699.90,1699.90,169.99,1529.91,1099.90,430.01
674,ORD-00386,20240211,13,152,2,4,10,1,119.90,119.90,0.00,119.90,49.90,70.00
675,ORD-00386,20240211,11,152,2,4,10,2,1199.90,2399.80,239.98,2159.82,699.90,760.02
676,ORD-00386,20240211,12,152,2,4,10,1,329.90,329.90,16.50,313.40,169.90,143.50
677,ORD-00387,20251206,13,166,1,1,5,1,119.90,119.90,6.00,113.90,49.90,64.00
678,ORD-00388,20251022,4,91,2,2,10,1,5499.90,5499.90,275.00,5224.90,3899.90,1325.00
679,ORD-00389,20250416,12,38,2,1,1,1,329.90,329.90,0.00,329.90,169.90,160.00
680,ORD-00390,20250418,9,76,1,4,7,1,699.90,699.90,35.00,664.90,379.90,285.00
681,ORD-00390,20250418,6,76,1,4,7,1,1699.90,1699.90,0.00,1699.90,1099.90,600.00
682,ORD-00391,20251012,4,38,1,1,13,2,5499.90,10999.80,1099.98,9899.82,3899.90,2100.02
683,ORD-00391,20251012,7,38,1,1,13,1,1399.90,1399.90,70.00,1329.90,899.90,430.00
684,ORD-00391,20251012,5,38,1,1,13,2,7499.90,14999.80,749.99,14249.81,5299.90,3650.01
685,ORD-00392,20250614,8,158,1,3,7,1,499.90,499.90,25.00,474.90,249.90,225.00
686,ORD-00393,20250203,1,178,1,1,10,1,6299.90,6299.90,0.00,6299.90,4499.90,1800.00
687,ORD-00393,20250203,5,178,1,1,10,1,7499.90,7499.90,0.00,7499.90,5299.90,2200.00
688,ORD-00394,20241213,2,144,2,1,1,1,3899.90,3899.90,584.99,3314.91,2799.90,515.01
689,ORD-00395,20250402,13,60,1,1,9,1,119.90,119.90,11.99,107.91,49.90,58.01
690,ORD-00396,20251208,4,81,1,2,11,2,5499.90,10999.80,0.00,10999.80,3899.90,3200.00
691,ORD-00397,20250309,10,168,1,2,4,2,1299.90,2599.80,0.00,2599.80,799.90,1000.00
692,ORD-00398,20240501,8,114,2,2,1,2,499.90,999.80,99.98,899.82,249.90,400.02
693,ORD-00399,20250226,13,54,1,3,5,1,119.90,119.90,0.00,119.90,49.90,70.00
694,ORD-00399,20250226,11,54,1,3,5,1,1199.90,1199.90,0.00,1199.90,699.90,500.00
695,ORD-00400,20240703,10,63,2,1,5,2,1299.90,2599.80,259.98,2339.82,799.90,740.02
696,ORD-00401,20240305,2,52,1,3,10,1,3899.90,3899.90,195.00,3704.90,2799.90,905.00
697,ORD-00402,20240324,1,153,2,4,8,2,6299.90,12599.80,0.00,12599.80,4499.90,3600.00
698,ORD-00402,20240324,13,153,2,4,8,1,119.90,119.90,0.00,119.90,49.90,70.00
699,ORD-00402,20240324,15,153,2,4,8,2,249.90,499.80,0.00,499.80,119.90,260.00
700,ORD-00403,20250730,13,174,1,1,3,2,119.90,239.80,23.98,215.82,49.90,116.02
701,ORD-00404,20250315,13,57,1,1,7,3,119.90,359.70,0.00,359.70,49.90,210.00
702,ORD-00405,20240609,4,178,1,3,6,2,5499.90,10999.80,0.00,10999.80,3899.90,3200.00
703,ORD-00405,20240609,1,178,1,3,6,1,6299.90,6299.90,0.00,6299.90,4499.90,1800.00
704,ORD-00406,20240217,4,135,3,1,7,1,5499.90,5499.90,275.00,5224.90,3899.90,1325.00
705,ORD-00407,20240104,12,92,1,5,9,1,329.90,329.90,0.00,329.90,169.90,160.00
706,ORD-00408,20240820,8,82,3,1,5,1,499.90,499.90,0.00,499.90,249.90,250.00
707,ORD-00409,20250115,6,179,2,1,13,2,1699.90,3399.80,339.98,3059.82,1099.90,860.02
708,ORD-00409,20250115,5,179,2,1,13,1,7499.90,7499.90,0.00,7499.90,5299.90,2200.00
709,ORD-00410,20250607,10,154,1,1,2,1,1299.90,1299.90,194.99,1104.91,799.90,305.01
710,ORD-00410,20250607,7,154,1,1,2,2,1399.90,2799.80,279.98,2519.82,899.90,720.02
711,ORD-00411,20240322,1,176,1,3,4,3,6299.90,18899.70,1889.97,17009.73,4499.90,3510.03
712,ORD-00411,20240322,3,176,1,3,4,1,1799.90,1799.90,0.00,1799.90,1199.90,600.00
713,ORD-00412,20241003,6,10,2,1,4,1,1699.90,1699.90,0.00,1699.90,1099.90,600.00
714,ORD-00413,20240712,11,134,2,1,6,2,1199.90,2399.80,0.00,2399.80,699.90,1000.00
715,ORD-00414,20250627,14,25,1,1,12,1,79.90,79.90,7.99,71.91,24.90,47.01
716,ORD-00414,20250627,13,25,1,1,12,1,119.90,119.90,0.00,119.90,49.90,70.00
717,ORD-00415,20240509,2,150,1,3,13,1,3899.90,3899.90,195.00,3704.90,2799.90,905.00
718,ORD-00416,20241125,8,177,2,1,10,2,499.90,999.80,0.00,999.80,249.90,500.00
719,ORD-00416,20241125,15,177,2,1,10,2,249.90,499.80,0.00,499.80,119.90,260.00
720,ORD-00417,20250429,4,88,2,2,5,1,5499.90,5499.90,275.00,5224.90,3899.90,1325.00
721,ORD-00418,20240509,13,152,1,2,2,1,119.90,119.90,0.00,119.90,49.90,70.00
722,ORD-00419,20250622,14,15,2,1,7,2,79.90,159.80,7.99,151.81,24.90,102.01
723,ORD-00419,20250622,9,15,2,1,7,1,699.90,699.90,0.00,699.90,379.90,320.00
724,ORD-00419,20250622,10,15,2,1,7,1,1299.90,1299.90,0.00,1299.90,799.90,500.00
725,ORD-00420,20251211,13,52,1,3,2,1,119.90,119.90,11.99,107.91,49.90,58.01
726,ORD-00421,20250325,6,38,2,3,12,1,1699.90,1699.90,85.00,1614.90,1099.90,515.00
727,ORD-00422,20240819,3,42,2,2,13,1,1799.90,1799.90,0.00,1799.90,1199.90,600.00
728,ORD-00423,20250825,2,54,2,2,12,1,3899.90,3899.90,195.00,3704.90,2799.90,905.00
729,ORD-00423,20250825,3,54,2,2,12,1,1799.90,1799.90,90.00,1709.90,1199.90,510.00
730,ORD-00424,20241010,3,45,1,1,2,1,1799.90,1799.90,0.00,1799.90,1199.90,600.00
731,ORD-00424,20241010,4,45,1,1,2,1,5499.90,5499.90,0.00,5499.90,3899.90,1600.00
732,ORD-00424,20241010,10,45,1,1,2,1,1299.90,1299.90,65.00,1234.90,799.90,435.00
733,ORD-00424,20241010,15,45,1,1,2,1,249.90,249.90,0.00,249.90,119.90,130.00
734,ORD-00425,20250804,10,114,1,1,2,1,1299.90,1299.90,65.00,1234.90,799.90,435.00
735,ORD-00425,20250804,11,114,1,1,2,1,1199.90,1199.90,119.99,1079.91,699.90,380.01
736,ORD-00426,20250414,5,64,1,1,14,2,7499.90,14999.80,749.99,14249.81,5299.90,3650.01
737,ORD-00426,20250414,4,64,1,1,14,2,5499.90,10999.80,1099.98,9899.82,3899.90,2100.02
738,ORD-00426,20250414,15,64,1,1,14,1,249.90,249.90,24.99,224.91,119.90,105.01
739,ORD-00427,20250106,10,28,2,3,4,1,1299.90,1299.90,65.00,1234.90,799.90,435.00
740,ORD-00428,20250306,6,153,2,2,6,1,1699.90,1699.90,85.00,1614.90,1099.90,515.00
741,ORD-00429,20251112,12,4,2,1,2,1,329.90,329.90,49.49,280.41,169.90,110.51
742,ORD-00429,20251112,8,4,2,1,2,1,499.90,499.90,0.00,499.90,249.90,250.00
743,ORD-00430,20240107,3,164,2,1,3,1,1799.90,1799.90,90.00,1709.90,1199.90,510.00
744,ORD-00430,20240107,14,164,2,1,3,1,79.90,79.90,7.99,71.91,24.90,47.01
745,ORD-00431,20240915,4,19,1,1,10,1,5499.90,5499.90,0.00,5499.90,3899.90,1600.00
746,ORD-00432,20240207,9,116,2,1,8,1,699.90,699.90,69.99,629.91,379.90,250.01
747,ORD-00432,20240207,3,116,2,1,8,1,1799.90,1799.90,0.00,1799.90,1199.90,600.00
748,ORD-00433,20240104,12,6,2,1,10,1,329.90,329.90,0.00,329.90,169.90,160.00
749,ORD-00433,20240104,6,6,2,1,10,2,1699.90,3399.80,169.99,3229.81,1099.90,1030.01
750,ORD-00434,20250430,9,67,2,2,1,1,699.90,699.90,0.00,699.90,379.90,320.00
751,ORD-00434,20250430,15,67,2,2,1,1,249.90,249.90,37.49,212.41,119.90,92.51
752,ORD-00435,20240518,1,162,2,1,13,1,6299.90,6299.90,629.99,5669.91,4499.90,1170.01
753,ORD-00435,20240518,6,162,2,1,13,2,1699.90,3399.80,0.00,3399.80,1099.90,1200.00
754,ORD-00436,20240523,11,15,2,1,13,1,1199.90,1199.90,0.00,1199.90,699.90,500.00
755,ORD-00436,20240523,7,15,2,1,13,1,1399.90,1399.90,209.99,1189.91,899.90,290.01
756,ORD-00437,20241122,9,20,1,1,3,1,699.90,699.90,35.00,664.90,379.90,285.00
757,ORD-00437,20241122,8,20,1,1,3,1,499.90,499.90,0.00,499.90,249.90,250.00
758,ORD-00438,20240418,7,151,2,1,5,1,1399.90,1399.90,139.99,1259.91,899.90,360.01
759,ORD-00438,20240418,1,151,2,1,5,2,6299.90,12599.80,0.00,12599.80,4499.90,3600.00
760,ORD-00439,20250909,14,116,1,1,10,2,79.90,159.80,15.98,143.82,24.90,94.02
761,ORD-00439,20250909,3,116,1,1,10,1,1799.90,1799.90,90.00,1709.90,1199.90,510.00
762,ORD-00439,20250909,11,116,1,1,10,1,1199.90,1199.90,119.99,1079.91,699.90,380.01
763,ORD-00439,20250909,13,116,1,1,10,1,119.90,119.90,0.00,119.90,49.90,70.00
764,ORD-00440,20250703,7,176,1,1,5,1,1399.90,1399.90,209.99,1189.91,899.90,290.01
765,ORD-00441,20250211,12,47,2,3,13,2,329.90,659.80,0.00,659.80,169.90,320.00
766,ORD-00441,20250211,11,47,2,3,13,1,1199.90,1199.90,0.00,1199.90,699.90,500.00
767,ORD-00441,20250211,15,47,2,3,13,1,249.90,249.90,0.00,249.90,119.90,130.00
768,ORD-00442,20240820,11,156,1,1,6,2,1199.90,2399.80,0.00,2399.80,699.90,1000.00
769,ORD-00442,20240820,10,156,1,1,6,1,1299.90,1299.90,0.00,1299.90,799.90,500.00
770,ORD-00443,20240929,8,38,1,2,5,1,499.90,499.90,0.00,499.90,249.90,250.00
771,ORD-00444,20240325,1,2,1,3,11,3,6299.90,18899.70,944.99,17954.71,4499.90,4455.01
772,ORD-00444,20240325,2,2,1,3,11,1,3899.90,3899.90,0.00,3899.90,2799.90,1100.00
773,ORD-00445,20250202,9,29,1,1,3,1,699.90,699.90,35.00,664.90,379.90,285.00
774,ORD-00445,20250202,2,29,1,1,3,1,3899.90,3899.90,0.00,3899.90,2799.90,1100.00
775,ORD-00446,20251003,13,97,1,1,8,1,119.90,119.90,0.00,119.90,49.90,70.00
776,ORD-00446,20251003,14,97,1,1,8,1,79.90,79.90,0.00,79.90,24.90,55.00
777,ORD-00446,20251003,10,97,1,1,8,1,1299.90,1299.90,0.00,1299.90,799.90,500.00
778,ORD-00447,20240418,2,55,2,1,8,1,3899.90,3899.90,195.00,3704.90,2799.90,905.00
779,ORD-00447,20240418,8,55,2,1,8,1,499.90,499.90,0.00,499.90,249.90,250.00
780,ORD-00448,20251206,15,138,1,1,10,1,249.90,249.90,12.50,237.40,119.90,117.50
781,ORD-00448,20251206,7,138,1,1,10,1,1399.90,1399.90,0.00,1399.90,899.90,500.00
782,ORD-00449,20251222,10,128,1,1,12,2,1299.90,2599.80,0.00,2599.80,799.90,1000.00
783,ORD-00449,20251222,12,128,1,1,12,1,329.90,329.90,16.50,313.40,169.90,143.50
784,ORD-00450,20241117,15,67,2,1,8,1,249.90,249.90,12.50,237.40,119.90,117.50
785,ORD-00450,20241117,2,67,2,1,8,1,3899.90,3899.90,195.00,3704.90,2799.90,905.00
786,ORD-00450,20241117,9,67,2,1,8,1,699.90,699.90,104.99,594.91,379.90,215.01
787,ORD-00451,20240123,3,43,2,1,8,2,1799.90,3599.80,0.00,3599.80,1199.90,1200.00
788,ORD-00452,20250729,12,67,1,1,8,1,329.90,329.90,16.50,313.40,169.90,143.50
789,ORD-00453,20240423,1,16,2,5,4,1,6299.90,6299.90,315.00,5984.90,4499.90,1485.00
790,ORD-00454,20250108,5,40,1,1,9,1,7499.90,7499.90,0.00,7499.90,5299.90,2200.00
791,ORD-00454,20250108,4,40,1,1,9,1,5499.90,5499.90,275.00,5224.90,3899.90,1325.00
792,ORD-00454,20250108,7,40,1,1,9,1,1399.90,1399.90,139.99,1259.91,899.90,360.01
793,ORD-00455,20240321,6,141,2,3,7,2,1699.90,3399.80,169.99,3229.81,1099.90,1030.01
794,ORD-00456,20240205,12,136,1,1,6,1,329.90,329.90,16.50,313.40,169.90,143.50
795,ORD-00457,20250210,1,66,1,1,10,1,6299.90,6299.90,0.00,6299.90,4499.90,1800.00
796,ORD-00457,20250210,2,66,1,1,10,1,3899.90,3899.90,195.00,3704.90,2799.90,905.00
797,ORD-00458,20240804,15,164,2,1,3,1,249.90,249.90,37.49,212.41,119.90,92.51
798,ORD-00458,20240804,8,164,2,1,3,1,499.90,499.90,49.99,449.91,249.90,200.01
799,ORD-00458,20240804,11,164,2,1,3,1,1199.90,1199.90,0.00,1199.90,699.90,500.00
800,ORD-00459,20250603,15,57,2,1,14,1,249.90,249.90,0.00,249.90,119.90,130.00
801,ORD-00459,20250603,12,57,2,1,14,1,329.90,329.90,16.50,313.40,169.90,143.50
802,ORD-00459,20250603,2,57,2,1,14,3,3899.90,11699.70,0.00,11699.70,2799.90,3300.00
803,ORD-00460,20241121,8,12,1,1,12,1,499.90,499.90,25.00,474.90,249.90,225.00
804,ORD-00461,20250804,10,123,1,1,2,2,1299.90,2599.80,129.99,2469.81,799.90,870.01
805,ORD-00462,20250429,1,129,2,1,6,1,6299.90,6299.90,0.00,6299.90,4499.90,1800.00
806,ORD-00462,20250429,3,129,2,1,6,1,1799.90,1799.90,0.00,1799.90,1199.90,600.00
807,ORD-00463,20251126,13,52,2,1,12,2,119.90,239.80,23.98,215.82,49.90,116.02
808,ORD-00464,20250116,14,179,1,1,1,2,79.90,159.80,7.99,151.81,24.90,102.01
809,ORD-00465,20250619,10,133,1,4,13,2,1299.90,2599.80,259.98,2339.82,799.90,740.02
810,ORD-00465,20250619,6,133,1,4,13,1,1699.90,1699.90,85.00,1614.90,1099.90,515.00
811,ORD-00466,20240918,15,11,3,1,4,1,249.90,249.90,12.50,237.40,119.90,117.50
812,ORD-00466,20240918,5,11,3,1,4,1,7499.90,7499.90,1124.99,6374.91,5299.90,1075.01
813,ORD-00466,20240918,10,11,3,1,4,1,1299.90,1299.90,129.99,1169.91,799.90,370.01
814,ORD-00467,20251114,2,127,2,2,13,2,3899.90,7799.80,0.00,7799.80,2799.90,2200.00
815,ORD-00468,20241103,1,146,1,1,2,3,6299.90,18899.70,944.99,17954.71,4499.90,4455.01
816,ORD-00469,20251129,7,104,1,1,12,1,1399.90,1399.90,70.00,1329.90,899.90,430.00
817,ORD-00470,20240525,8,130,2,1,13,1,499.90,499.90,0.00,499.90,249.90,250.00
818,ORD-00471,20250121,4,136,1,2,2,2,5499.90,10999.80,1649.97,9349.83,3899.90,1550.03
819,ORD-00471,20250121,13,136,1,2,2,1,119.90,119.90,0.00,119.90,49.90,70.00
820,ORD-00472,20240915,7,86,2,1,2,2,1399.90,2799.80,0.00,2799.80,899.90,1000.00
821,ORD-00473,20240324,2,137,1,1,12,1,3899.90,3899.90,389.99,3509.91,2799.90,710.01
822,ORD-00473,20240324,11,137,1,1,12,1,1199.90,1199.90,0.00,1199.90,699.90,500.00
823,ORD-00474,20240530,15,178,2,3,7,1,249.90,249.90,12.50,237.40,119.90,117.50
824,ORD-00475,20250409,12,131,1,1,10,1,329.90,329.90,0.00,329.90,169.90,160.00
825,ORD-00475,20250409,9,131,1,1,10,1,699.90,699.90,35.00,664.90,379.90,285.00
826,ORD-00476,20240501,5,83,1,1,10,2,7499.90,14999.80,1499.98,13499.82,5299.90,2900.02
827,ORD-00477,20240513,2,146,1,2,13,1,3899.90,3899.90,0.00,3899.90,2799.90,1100.00
828,ORD-00478,20240630,4,42,1,2,7,3,5499.90,16499.70,0.00,16499.70,3899.90,4800.00
829,ORD-00478,20240630,2,42,1,2,7,2,3899.90,7799.80,0.00,7799.80,2799.90,2200.00
830,ORD-00478,20240630,7,42,1,2,7,3,1399.90,4199.70,419.97,3779.73,899.90,1080.03
831,ORD-00479,20240926,4,34,3,5,5,2,5499.90,10999.80,549.99,10449.81,3899.90,2650.01
832,ORD-00479,20240926,7,34,3,5,5,1,1399.90,1399.90,209.99,1189.91,899.90,290.01
833,ORD-00480,20240709,1,72,2,1,5,2,6299.90,12599.80,1259.98,11339.82,4499.90,2340.02
834,ORD-00481,20240704,6,112,2,1,10,1,1699.90,1699.90,85.00,1614.90,1099.90,515.00
835,ORD-00482,20240301,10,64,1,1,11,1,1299.90,1299.90,0.00,1299.90,799.90,500.00
836,ORD-00483,20250916,12,87,1,1,10,1,329.90,329.90,0.00,329.90,169.90,160.00
837,ORD-00483,20250916,5,87,1,1,10,1,7499.90,7499.90,0.00,7499.90,5299.90,2200.00
838,ORD-00484,20250422,15,120,2,1,4,1,249.90,249.90,0.00,249.90,119.90,130.00
839,ORD-00485,20240521,14,115,1,1,14,1,79.90,79.90,7.99,71.91,24.90,47.01
840,ORD-00486,20251008,5,176,2,1,3,1,7499.90,7499.90,375.00,7124.90,5299.90,1825.00
841,ORD-00486,20251008,1,176,2,1,3,1,6299.90,6299.90,0.00,6299.90,4499.90,1800.00
842,ORD-00487,20250211,10,104,1,1,13,1,1299.90,1299.90,65.00,1234.90,799.90,435.00
843,ORD-00487,20250211,4,104,1,1,13,1,5499.90,5499.90,0.00,5499.90,3899.90,1600.00
844,ORD-00487,20250211,9,104,1,1,13,1,699.90,699.90,35.00,664.90,379.90,285.00
845,ORD-00488,20250825,3,99,2,2,11,2,1799.90,3599.80,0.00,3599.80,1199.90,1200.00
846,ORD-00488,20250825,9,99,2,2,11,1,699.90,699.90,35.00,664.90,379.90,285.00
847,ORD-00488,20250825,11,99,2,2,11,2,1199.90,2399.80,0.00,2399.80,699.90,1000.00
848,ORD-00489,20240411,3,106,1,3,12,2,1799.90,3599.80,0.00,3599.80,1199.90,1200.00
849,ORD-00490,20240429,8,30,1,5,6,1,499.90,499.90,25.00,474.90,249.90,225.00
850,ORD-00491,20250329,8,79,2,1,9,1,499.90,499.90,25.00,474.90,249.90,225.00
851,ORD-00492,20241226,5,23,2,1,8,1,7499.90,7499.90,0.00,7499.90,5299.90,2200.00
852,ORD-00493,20250509,4,30,1,1,1,1,5499.90,5499.90,549.99,4949.91,3899.90,1050.01
853,ORD-00494,20251028,14,102,1,1,9,1,79.90,79.90,4.00,75.90,24.90,51.00
854,ORD-00494,20251028,3,102,1,1,9,1,1799.90,1799.90,179.99,1619.91,1199.90,420.01
855,ORD-00494,20251028,7,102,1,1,9,2,1399.90,2799.80,0.00,2799.80,899.90,1000.00
856,ORD-00495,20250313,12,150,1,3,9,1,329.90,329.90,16.50,313.40,169.90,143.50
857,ORD-00495,20250313,5,150,1,3,9,1,7499.90,7499.90,1124.99,6374.91,5299.90,1075.01
858,ORD-00495,20250313,2,150,1,3,9,1,3899.90,3899.90,0.00,3899.90,2799.90,1100.00
859,ORD-00496,20250614,15,140,1,2,1,1,249.90,249.90,0.00,249.90,119.90,130.00
860,ORD-00496,20250614,5,140,1,2,1,1,7499.90,7499.90,0.00,7499.90,5299.90,2200.00
861,ORD-00497,20251020,1,152,2,3,6,2,6299.90,12599.80,629.99,11969.81,4499.90,2970.01
862,ORD-00498,20241126,4,81,1,2,5,1,5499.90,5499.90,824.99,4674.91,3899.90,775.01
863,ORD-00499,20250831,4,34,1,3,5,1,5499.90,5499.90,549.99,4949.91,3899.90,1050.01
864,ORD-00499,20250831,14,34,1,3,5,1,79.90,79.90,4.00,75.90,24.90,51.00
865,ORD-00499,20250831,9,34,1,3,5,1,699.90,699.90,35.00,664.90,379.90,285.00
866,ORD-00499,20250831,12,34,1,3,5,1,329.90,329.90,0.00,329.90,169.90,160.00
867,ORD-00500,20240304,9,131,1,1,10,1,699.90,699.90,0.00,699.90,379.90,320.00
868,ORD-00500,20240304,10,131,1,1,10,1,1299.90,1299.90,0.00,1299.90,799.90,500.00
869,ORD-00501,20250727,10,169,2,3,9,1,1299.90,1299.90,65.00,1234.90,799.90,435.00
870,ORD-00502,20251102,11,173,1,1,11,1,1199.90,1199.90,60.00,1139.90,699.90,440.00
871,ORD-00502,20251102,12,173,1,1,11,1,329.90,329.90,49.49,280.41,169.90,110.51
872,ORD-00503,20241007,5,58,1,2,10,1,7499.90,7499.90,375.00,7124.90,5299.90,1825.00
873,ORD-00504,20240910,9,139,1,1,11,2,699.90,1399.80,0.00,1399.80,379.90,640.00
874,ORD-00505,20250824,10,21,2,2,12,1,1299.90,1299.90,65.00,1234.90,799.90,435.00
875,ORD-00505,20250824,15,21,2,2,12,1,249.90,249.90,24.99,224.91,119.90,105.01
876,ORD-00506,20240901,15,72,1,3,8,1,249.90,249.90,24.99,224.91,119.90,105.01
877,ORD-00507,20251027,1,20,2,2,13,1,6299.90,6299.90,0.00,6299.90,4499.90,1800.00
878,ORD-00507,20251027,3,20,2,2,13,1,1799.90,1799.90,90.00,1709.90,1199.90,510.00
879,ORD-00508,20240521,4,159,1,1,10,1,5499.90,5499.90,0.00,5499.90,3899.90,1600.00
880,ORD-00508,20240521,10,159,1,1,10,1,1299.90,1299.90,0.00,1299.90,799.90,500.00
881,ORD-00508,20240521,2,159,1,1,10,1,3899.90,3899.90,389.99,3509.91,2799.90,710.01
882,ORD-00509,20240220,12,82,1,1,7,1,329.90,329.90,0.00,329.90,169.90,160.00
883,ORD-00510,20240928,11,83,1,1,10,2,1199.90,2399.80,359.97,2039.83,699.90,640.03
884,ORD-00511,20241006,7,22,3,1,9,1,1399.90,1399.90,0.00,1399.90,899.90,500.00
885,ORD-00511,20241006,3,22,3,1,9,3,1799.90,5399.70,269.99,5129.71,1199.90,1530.01
886,ORD-00512,20241013,7,172,2,1,10,1,1399.90,1399.90,139.99,1259.91,899.90,360.01
887,ORD-00512,20241013,5,172,2,1,10,3,7499.90,22499.70,2249.97,20249.73,5299.90,4350.03
888,ORD-00513,20240426,6,115,1,3,2,1,1699.90,1699.90,0.00,1699.90,1099.90,600.00
889,ORD-00513,20240426,8,115,1,3,2,1,499.90,499.90,0.00,499.90,249.90,250.00
890,ORD-00513,20240426,13,115,1,3,2,1,119.90,119.90,0.00,119.90,49.90,70.00
891,ORD-00514,20251225,5,29,1,2,10,1,7499.90,7499.90,375.00,7124.90,5299.90,1825.00
892,ORD-00514,20251225,11,29,1,2,10,1,1199.90,1199.90,0.00,1199.90,699.90,500.00
893,ORD-00514,20251225,14,29,1,2,10,3,79.90,239.70,11.99,227.71,24.90,153.01
894,ORD-00515,20240528,8,165,2,1,2,1,499.90,499.90,0.00,499.90,249.90,250.00
895,ORD-00515,20240528,6,165,2,1,2,1,1699.90,1699.90,0.00,1699.90,1099.90,600.00
896,ORD-00515,20240528,10,165,2,1,2,1,1299.90,1299.90,194.99,1104.91,799.90,305.01
897,ORD-00516,20240605,4,31,2,3,8,1,5499.90,5499.90,275.00,5224.90,3899.90,1325.00
898,ORD-00516,20240605,10,31,2,3,8,1,1299.90,1299.90,65.00,1234.90,799.90,435.00
899,ORD-00517,20250930,15,148,3,2,3,1,249.90,249.90,0.00,249.90,119.90,130.00
900,ORD-00518,20250519,7,7,1,3,5,2,1399.90,2799.80,139.99,2659.81,899.90,860.01
901,ORD-00519,20240406,11,101,1,1,6,1,1199.90,1199.90,179.99,1019.91,699.90,320.01
902,ORD-00520,20250312,11,129,1,1,1,3,1199.90,3599.70,179.99,3419.71,699.90,1320.01
903,ORD-00520,20250312,15,129,1,1,1,1,249.90,249.90,12.50,237.40,119.90,117.50
904,ORD-00520,20250312,5,129,1,1,1,1,7499.90,7499.90,375.00,7124.90,5299.90,1825.00
905,ORD-00521,20240925,10,68,3,2,11,1,1299.90,1299.90,194.99,1104.91,799.90,305.01
906,ORD-00521,20240925,14,68,3,2,11,1,79.90,79.90,11.99,67.91,24.90,43.01
907,ORD-00522,20240525,14,37,1,1,2,1,79.90,79.90,7.99,71.91,24.90,47.01
908,ORD-00522,20240525,6,37,1,1,2,1,1699.90,1699.90,0.00,1699.90,1099.90,600.00
909,ORD-00523,20250327,9,8,1,1,3,3,699.90,2099.70,314.96,1784.74,379.90,645.04
910,ORD-00523,20250327,4,8,1,1,3,1,5499.90,5499.90,0.00,5499.90,3899.90,1600.00
911,ORD-00523,20250327,7,8,1,1,3,1,1399.90,1399.90,0.00,1399.90,899.90,500.00
912,ORD-00524,20251030,4,129,1,2,12,1,5499.90,5499.90,0.00,5499.90,3899.90,1600.00
913,ORD-00524,20251030,8,129,1,2,12,2,499.90,999.80,0.00,999.80,249.90,500.00
914,ORD-00524,20251030,7,129,1,2,12,1,1399.90,1399.90,70.00,1329.90,899.90,430.00
915,ORD-00524,20251030,15,129,1,2,12,2,249.90,499.80,74.97,424.83,119.90,185.03
916,ORD-00525,20240420,1,32,1,1,3,1,6299.90,6299.90,629.99,5669.91,4499.90,1170.01
917,ORD-00525,20240420,8,32,1,1,3,1,499.90,499.90,0.00,499.90,249.90,250.00
918,ORD-00525,20240420,2,32,1,1,3,2,3899.90,7799.80,389.99,7409.81,2799.90,1810.01
919,ORD-00525,20240420,11,32,1,1,3,2,1199.90,2399.80,119.99,2279.81,699.90,880.01
920,ORD-00526,20251127,9,87,2,1,13,1,699.90,699.90,0.00,699.90,379.90,320.00
921,ORD-00526,20251127,2,87,2,1,13,2,3899.90,7799.80,779.98,7019.82,2799.90,1420.02
922,ORD-00526,20251127,6,87,2,1,13,2,1699.90,3399.80,339.98,3059.82,1099.90,860.02
923,ORD-00527,20250411,15,58,1,5,4,2,249.90,499.80,0.00,499.80,119.90,260.00
924,ORD-00528,20240110,6,119,2,1,12,1,1699.90,1699.90,85.00,1614.90,1099.90,515.00
925,ORD-00529,20250409,2,21,2,1,12,1,3899.90,3899.90,0.00,3899.90,2799.90,1100.00
926,ORD-00530,20250301,14,29,2,2,11,1,79.90,79.90,11.99,67.91,24.90,43.01
927,ORD-00531,20240517,7,89,1,2,4,2,1399.90,2799.80,279.98,2519.82,899.90,720.02
928,ORD-00532,20250705,3,94,1,2,8,1,1799.90,1799.90,179.99,1619.91,1199.90,420.01
929,ORD-00532,20250705,15,94,1,2,8,1,249.90,249.90,12.50,237.40,119.90,117.50
930,ORD-00533,20250302,8,116,1,1,9,1,499.90,499.90,49.99,449.91,249.90,200.01
931,ORD-00533,20250302,5,116,1,1,9,1,7499.90,7499.90,0.00,7499.90,5299.90,2200.00
932,ORD-00534,20240731,3,173,1,4,13,2,1799.90,3599.80,179.99,3419.81,1199.90,1020.01
933,ORD-00534,20240731,6,173,1,4,13,1,1699.90,1699.90,85.00,1614.90,1099.90,515.00
934,ORD-00535,20241215,11,73,2,1,13,1,1199.90,1199.90,119.99,1079.91,699.90,380.01
935,ORD-00536,20251029,10,30,1,1,14,3,1299.90,3899.70,0.00,3899.70,799.90,1500.00
936,ORD-00537,20240416,15,102,1,1,1,2,249.90,499.80,49.98,449.82,119.90,210.02
937,ORD-00537,20240416,7,102,1,1,1,2,1399.90,2799.80,0.00,2799.80,899.90,1000.00
938,ORD-00538,20240423,12,12,2,1,4,1,329.90,329.90,32.99,296.91,169.90,127.01
939,ORD-00539,20250508,4,102,1,2,3,1,5499.90,5499.90,549.99,4949.91,3899.90,1050.01
940,ORD-00540,20250926,12,95,2,1,6,1,329.90,329.90,0.00,329.90,169.90,160.00
941,ORD-00541,20240328,7,172,1,2,5,1,1399.90,1399.90,70.00,1329.90,899.90,430.00
942,ORD-00541,20240328,6,172,1,2,5,1,1699.90,1699.90,169.99,1529.91,1099.90,430.01
943,ORD-00541,20240328,8,172,1,2,5,2,499.90,999.80,0.00,999.80,249.90,500.00
944,ORD-00542,20250910,2,155,2,1,4,1,3899.90,3899.90,389.99,3509.91,2799.90,710.01
945,ORD-00543,20241023,14,179,2,1,4,1,79.90,79.90,0.00,79.90,24.90,55.00
946,ORD-00543,20241023,12,179,2,1,4,1,329.90,329.90,0.00,329.90,169.90,160.00
947,ORD-00544,20250429,9,146,1,1,4,1,699.90,699.90,0.00,699.90,379.90,320.00
948,ORD-00545,20251003,2,169,1,3,12,2,3899.90,7799.80,779.98,7019.82,2799.90,1420.02
949,ORD-00545,20251003,12,169,1,3,12,1,329.90,329.90,0.00,329.90,169.90,160.00
950,ORD-00546,20240907,2,111,1,4,12,2,3899.90,7799.80,1169.97,6629.83,2799.90,1030.03
951,ORD-00547,20240112,13,39,2,4,13,1,119.90,119.90,0.00,119.90,49.90,70.00
952,ORD-00548,20250827,9,13,1,1,6,3,699.90,2099.70,104.99,1994.71,379.90,855.01
953,ORD-00548,20250827,8,13,1,1,6,2,499.90,999.80,0.00,999.80,249.90,500.00
954,ORD-00549,20241013,2,102,2,1,6,2,3899.90,7799.80,0.00,7799.80,2799.90,2200.00
955,ORD-00550,20241016,5,46,1,1,10,1,7499.90,7499.90,749.99,6749.91,5299.90,1450.01
956,ORD-00551,20240904,10,97,3,1,9,2,1299.90,2599.80,129.99,2469.81,799.90,870.01
957,ORD-00551,20240904,13,97,3,1,9,2,119.90,239.80,23.98,215.82,49.90,116.02
958,ORD-00552,20251109,10,133,2,1,14,1,1299.90,1299.90,0.00,1299.90,799.90,500.00
959,ORD-00552,20251109,14,133,2,1,14,1,79.90,79.90,7.99,71.91,24.90,47.01
960,ORD-00552,20251109,8,133,2,1,14,2,499.90,999.80,49.99,949.81,249.90,450.01
961,ORD-00553,20240327,4,99,3,3,3,1,5499.90,5499.90,824.99,4674.91,3899.90,775.01
962,ORD-00554,20240221,4,48,3,1,8,1,5499.90,5499.90,275.00,5224.90,3899.90,1325.00
963,ORD-00554,20240221,13,48,3,1,8,1,119.90,119.90,11.99,107.91,49.90,58.01
964,ORD-00555,20250609,13,99,1,1,12,1,119.90,119.90,11.99,107.91,49.90,58.01
965,ORD-00556,20240623,15,119,2,1,10,1,249.90,249.90,12.50,237.40,119.90,117.50
966,ORD-00556,20240623,8,119,2,1,10,1,499.90,499.90,49.99,449.91,249.90,200.01
967,ORD-00557,20240930,11,91,1,1,4,1,1199.90,1199.90,0.00,1199.90,699.90,500.00
968,ORD-00558,20241008,7,7,1,1,1,1,1399.90,1399.90,0.00,1399.90,899.90,500.00
969,ORD-00558,20241008,4,7,1,1,1,1,5499.90,5499.90,0.00,5499.90,3899.90,1600.00
970,ORD-00559,20241126,14,158,2,1,3,1,79.90,79.90,0.00,79.90,24.90,55.00
971,ORD-00559,20241126,10,158,2,1,3,2,1299.90,2599.80,0.00,2599.80,799.90,1000.00
972,ORD-00559,20241126,4,158,2,1,3,1,5499.90,5499.90,0.00,5499.90,3899.90,1600.00
973,ORD-00560,20251022,6,53,2,3,11,2,1699.90,3399.80,0.00,3399.80,1099.90,1200.00
974,ORD-00560,20251022,14,53,2,3,11,1,79.90,79.90,0.00,79.90,24.90,55.00
975,ORD-00560,20251022,12,53,2,3,11,1,329.90,329.90,16.50,313.40,169.90,143.50
976,ORD-00561,20250215,11,3,1,1,10,1,1199.90,1199.90,119.99,1079.91,699.90,380.01
977,ORD-00561,20250215,15,3,1,1,10,1,249.90,249.90,0.00,249.90,119.90,130.00
978,ORD-00562,20241030,15,52,3,1,14,2,249.90,499.80,0.00,499.80,119.90,260.00
979,ORD-00562,20241030,11,52,3,1,14,1,1199.90,1199.90,179.99,1019.91,699.90,320.01
980,ORD-00563,20240625,5,150,1,1,2,2,7499.90,14999.80,749.99,14249.81,5299.90,3650.01
981,ORD-00564,20241205,2,15,1,1,3,2,3899.90,7799.80,389.99,7409.81,2799.90,1810.01
982,ORD-00565,20240603,12,31,2,1,13,2,329.90,659.80,65.98,593.82,169.90,254.02
983,ORD-00566,20241009,5,104,1,1,13,1,7499.90,7499.90,749.99,6749.91,5299.90,1450.01
984,ORD-00566,20241009,11,104,1,1,13,2,1199.90,2399.80,0.00,2399.80,699.90,1000.00
985,ORD-00567,20251124,3,70,1,2,8,2,1799.90,3599.80,179.99,3419.81,1199.90,1020.01
986,ORD-00567,20251124,4,70,1,2,8,1,5499.90,5499.90,549.99,4949.91,3899.90,1050.01
987,ORD-00567,20251124,11,70,1,2,8,1,1199.90,1199.90,179.99,1019.91,699.90,320.01
988,ORD-00568,20250714,10,61,1,2,13,1,1299.90,1299.90,65.00,1234.90,799.90,435.00
989,ORD-00569,20250416,1,30,1,2,2,1,6299.90,6299.90,315.00,5984.90,4499.90,1485.00
990,ORD-00570,20250630,10,120,1,1,4,2,1299.90,2599.80,129.99,2469.81,799.90,870.01
991,ORD-00570,20250630,14,120,1,1,4,1,79.90,79.90,0.00,79.90,24.90,55.00
992,ORD-00571,20250812,11,89,1,1,1,1,1199.90,1199.90,60.00,1139.90,699.90,440.00
993,ORD-00572,20251127,5,167,1,1,13,1,7499.90,7499.90,375.00,7124.90,5299.90,1825.00
994,ORD-00573,20240726,6,102,1,1,7,1,1699.90,1699.90,85.00,1614.90,1099.90,515.00
995,ORD-00574,20240518,12,64,1,3,8,2,329.90,659.80,65.98,593.82,169.90,254.02
996,ORD-00575,20251031,9,142,1,1,3,1,699.90,699.90,0.00,699.90,379.90,320.00
997,ORD-00575,20251031,15,142,1,1,3,1,249.90,249.90,24.99,224.91,119.90,105.01
998,ORD-00575,20251031,5,142,1,1,3,3,7499.90,22499.70,2249.97,20249.73,5299.90,4350.03
999,ORD-00576,20251129,1,167,1,1,14,1,6299.90,6299.90,629.99,5669.91,4499.90,1170.01
1000,ORD-00576,20251129,7,167,1,1,14,2,1399.90,2799.80,0.00,2799.80,899.90,1000.00
1001,ORD-00576,20251129,3,167,1,1,14,1,1799.90,1799.90,0.00,1799.90,1199.90,600.00
1002,ORD-00577,20250723,9,11,2,1,2,1,699.90,699.90,69.99,629.91,379.90,250.01
1003,ORD-00578,20250415,10,69,2,1,14,1,1299.90,1299.90,0.00,1299.90,799.90,500.00
1004,ORD-00579,20240710,15,52,1,1,13,1,249.90,249.90,0.00,249.90,119.90,130.00
1005,ORD-00579,20240710,1,52,1,1,13,3,6299.90,18899.70,944.99,17954.71,4499.90,4455.01
1006,ORD-00580,20250710,13,101,2,2,3,1,119.90,119.90,6.00,113.90,49.90,64.00
1007,ORD-00580,20250710,15,101,2,2,3,1,249.90,249.90,0.00,249.90,119.90,130.00
1008,ORD-00581,20250513,9,168,1,1,11,1,699.90,699.90,69.99,629.91,379.90,250.01
1009,ORD-00582,20240908,6,94,1,1,1,1,1699.90,1699.90,0.00,1699.90,1099.90,600.00
1010,ORD-00583,20240802,12,80,2,1,4,1,329.90,329.90,16.50,313.40,169.90,143.50
1011,ORD-00583,20240802,14,80,2,1,4,2,79.90,159.80,0.00,159.80,24.90,110.00
1012,ORD-00583,20240802,15,80,2,1,4,2,249.90,499.80,0.00,499.80,119.90,260.00
1013,ORD-00584,20251216,7,98,2,1,12,1,1399.90,1399.90,139.99,1259.91,899.90,360.01
1014,ORD-00585,20240430,3,147,1,1,6,3,1799.90,5399.70,0.00,5399.70,1199.90,1800.00
1015,ORD-00585,20240430,9,147,1,1,6,1,699.90,699.90,69.99,629.91,379.90,250.01
1016,ORD-00585,20240430,8,147,1,1,6,1,499.90,499.90,49.99,449.91,249.90,200.01
1017,ORD-00586,20250910,1,146,3,1,14,1,6299.90,6299.90,315.00,5984.90,4499.90,1485.00
1018,ORD-00587,20250322,8,18,1,1,2,2,499.90,999.80,99.98,899.82,249.90,400.02
1019,ORD-00587,20250322,12,18,1,1,2,1,329.90,329.90,16.50,313.40,169.90,143.50
1020,ORD-00587,20250322,4,18,1,1,2,1,5499.90,5499.90,275.00,5224.90,3899.90,1325.00
1021,ORD-00588,20250330,11,116,3,1,13,1,1199.90,1199.90,0.00,1199.90,699.90,500.00
1022,ORD-00589,20250523,5,171,2,4,14,1,7499.90,7499.90,1124.99,6374.91,5299.90,1075.01
1023,ORD-00589,20250523,1,171,2,4,14,1,6299.90,6299.90,944.99,5354.91,4499.90,855.01
1024,ORD-00589,20250523,14,171,2,4,14,1,79.90,79.90,0.00,79.90,24.90,55.00
1025,ORD-00590,20250606,13,40,2,1,12,2,119.90,239.80,23.98,215.82,49.90,116.02
1026,ORD-00590,20250606,12,40,2,1,12,1,329.90,329.90,49.49,280.41,169.90,110.51
1027,ORD-00591,20240903,11,18,3,2,8,1,1199.90,1199.90,60.00,1139.90,699.90,440.00
1028,ORD-00592,20250910,15,149,2,5,9,2,249.90,499.80,0.00,499.80,119.90,260.00
1029,ORD-00592,20250910,1,149,2,5,9,3,6299.90,18899.70,0.00,18899.70,4499.90,5400.00
1030,ORD-00592,20250910,8,149,2,5,9,1,499.90,499.90,25.00,474.90,249.90,225.00
1031,ORD-00592,20250910,7,149,2,5,9,1,1399.90,1399.90,139.99,1259.91,899.90,360.01
1032,ORD-00593,20250324,12,38,2,1,4,1,329.90,329.90,0.00,329.90,169.90,160.00
1033,ORD-00593,20250324,13,38,2,1,4,1,119.90,119.90,11.99,107.91,49.90,58.01
1034,ORD-00593,20250324,15,38,2,1,4,1,249.90,249.90,12.50,237.40,119.90,117.50
1035,ORD-00593,20250324,14,38,2,1,4,1,79.90,79.90,4.00,75.90,24.90,51.00
1036,ORD-00594,20251120,7,131,2,2,14,2,1399.90,2799.80,279.98,2519.82,899.90,720.02
1037,ORD-00594,20251120,4,131,2,2,14,1,5499.90,5499.90,275.00,5224.90,3899.90,1325.00
1038,ORD-00594,20251120,10,131,2,2,14,1,1299.90,1299.90,0.00,1299.90,799.90,500.00
1039,ORD-00595,20250617,3,84,1,5,7,2,1799.90,3599.80,179.99,3419.81,1199.90,1020.01
1040,ORD-00596,20250311,5,83,1,1,3,1,7499.90,7499.90,749.99,6749.91,5299.90,1450.01
1041,ORD-00596,20250311,3,83,1,1,3,3,1799.90,5399.70,539.97,4859.73,1199.90,1260.03
1042,ORD-00597,20240103,11,65,1,5,4,1,1199.90,1199.90,0.00,1199.90,699.90,500.00
1043,ORD-00598,20250628,5,75,2,4,9,2,7499.90,14999.80,749.99,14249.81,5299.90,3650.01
1044,ORD-00599,20250921,3,33,1,1,5,1,1799.90,1799.90,90.00,1709.90,1199.90,510.00
1045,ORD-00599,20250921,1,33,1,1,5,2,6299.90,12599.80,0.00,12599.80,4499.90,3600.00
1046,ORD-00599,20250921,8,33,1,1,5,1,499.90,499.90,0.00,499.90,249.90,250.00
1047,ORD-00600,20251223,9,111,1,1,13,2,699.90,1399.80,69.99,1329.81,379.90,570.01
1048,ORD-00601,20240303,14,72,2,2,6,1,79.90,79.90,0.00,79.90,24.90,55.00
1049,ORD-00602,20241008,15,179,2,1,6,1,249.90,249.90,24.99,224.91,119.90,105.01
1050,ORD-00603,20241106,10,108,1,1,6,3,1299.90,3899.70,389.97,3509.73,799.90,1110.03
1051,ORD-00604,20241020,2,159,2,1,7,2,3899.90,7799.80,0.00,7799.80,2799.90,2200.00
1052,ORD-00605,20240714,11,141,1,2,10,1,1199.90,1199.90,60.00,1139.90,699.90,440.00
1053,ORD-00606,20240521,4,20,1,1,7,1,5499.90,5499.90,0.00,5499.90,3899.90,1600.00
1054,ORD-00606,20240521,3,20,1,1,7,2,1799.90,3599.80,179.99,3419.81,1199.90,1020.01
1055,ORD-00606,20240521,5,20,1,1,7,1,7499.90,7499.90,375.00,7124.90,5299.90,1825.00
1056,ORD-00607,20240214,14,58,2,4,4,1,79.90,79.90,0.00,79.90,24.90,55.00
1057,ORD-00608,20240522,13,67,1,2,12,1,119.90,119.90,6.00,113.90,49.90,64.00
1058,ORD-00609,20251217,10,118,2,1,4,1,1299.90,1299.90,0.00,1299.90,799.90,500.00
1059,ORD-00609,20251217,6,118,2,1,4,1,1699.90,1699.90,0.00,1699.90,1099.90,600.00
1060,ORD-00609,20251217,1,118,2,1,4,3,6299.90,18899.70,0.00,18899.70,4499.90,5400.00
1061,ORD-00610,20241129,2,76,1,1,8,1,3899.90,3899.90,0.00,3899.90,2799.90,1100.00
1062,ORD-00611,20240728,2,117,2,2,10,1,3899.90,3899.90,195.00,3704.90,2799.90,905.00
1063,ORD-00612,20240429,15,111,1,1,7,1,249.90,249.90,0.00,249.90,119.90,130.00
1064,ORD-00612,20240429,13,111,1,1,7,1,119.90,119.90,6.00,113.90,49.90,64.00
1065,ORD-00613,20251021,4,17,2,1,2,1,5499.90,5499.90,275.00,5224.90,3899.90,1325.00
1066,ORD-00614,20240202,12,35,1,1,6,3,329.90,989.70,98.97,890.73,169.90,381.03
1067,ORD-00615,20250211,6,63,2,2,13,2,1699.90,3399.80,509.97,2889.83,1099.90,690.03
1068,ORD-00615,20250211,10,63,2,2,13,1,1299.90,1299.90,129.99,1169.91,799.90,370.01
1069,ORD-00616,20240501,15,94,1,1,3,1,249.90,249.90,0.00,249.90,119.90,130.00
1070,ORD-00617,20250728,6,99,2,1,10,3,1699.90,5099.70,0.00,5099.70,1099.90,1800.00
1071,ORD-00617,20250728,14,99,2,1,10,1,79.90,79.90,0.00,79.90,24.90,55.00
1072,ORD-00618,20250613,10,95,1,1,7,1,1299.90,1299.90,0.00,1299.90,799.90,500.00
1073,ORD-00618,20250613,6,95,1,1,7,1,1699.90,1699.90,85.00,1614.90,1099.90,515.00
1074,ORD-00619,20250626,3,1,2,4,8,1,1799.90,1799.90,179.99,1619.91,1199.90,420.01
1075,ORD-00619,20250626,8,1,2,4,8,1,499.90,499.90,0.00,499.90,249.90,250.00
1076,ORD-00620,20240812,14,118,1,1,5,1,79.90,79.90,0.00,79.90,24.90,55.00
1077,ORD-00620,20240812,11,118,1,1,5,3,1199.90,3599.70,0.00,3599.70,699.90,1500.00
1078,ORD-00620,20240812,1,118,1,1,5,1,6299.90,6299.90,0.00,6299.90,4499.90,1800.00
1079,ORD-00621,20240219,7,128,2,1,8,2,1399.90,2799.80,139.99,2659.81,899.90,860.01
1080,ORD-00621,20240219,6,128,2,1,8,1,1699.90,1699.90,85.00,1614.90,1099.90,515.00
1081,ORD-00622,20240528,12,88,1,1,2,3,329.90,989.70,0.00,989.70,169.90,480.00
1082,ORD-00622,20240528,8,88,1,1,2,2,499.90,999.80,99.98,899.82,249.90,400.02
1083,ORD-00622,20240528,11,88,1,1,2,2,1199.90,2399.80,359.97,2039.83,699.90,640.03
1084,ORD-00623,20250725,15,84,3,3,11,1,249.90,249.90,24.99,224.91,119.90,105.01
1085,ORD-00624,20250708,5,82,2,1,2,2,7499.90,14999.80,1499.98,13499.82,5299.90,2900.02
1086,ORD-00625,20251104,14,33,1,1,8,1,79.90,79.90,11.99,67.91,24.90,43.01
1087,ORD-00626,20240727,5,172,2,1,6,1,7499.90,7499.90,749.99,6749.91,5299.90,1450.01
1088,ORD-00626,20240727,15,172,2,1,6,1,249.90,249.90,0.00,249.90,119.90,130.00
1089,ORD-00626,20240727,2,172,2,1,6,1,3899.90,3899.90,195.00,3704.90,2799.90,905.00
1090,ORD-00627,20241210,14,75,2,3,8,1,79.90,79.90,0.00,79.90,24.90,55.00
1091,ORD-00627,20241210,10,75,2,3,8,1,1299.90,1299.90,65.00,1234.90,799.90,435.00
1092,ORD-00627,20241210,13,75,2,3,8,1,119.90,119.90,11.99,107.91,49.90,58.01
1093,ORD-00628,20240308,14,99,3,5,11,1,79.90,79.90,7.99,71.91,24.90,47.01
1094,ORD-00629,20250724,2,132,3,1,7,2,3899.90,7799.80,0.00,7799.80,2799.90,2200.00
1095,ORD-00630,20241115,10,82,2,1,2,1,1299.90,1299.90,65.00,1234.90,799.90,435.00
1096,ORD-00631,20240618,10,110,3,1,6,1,1299.90,1299.90,129.99,1169.91,799.90,370.01
1097,ORD-00632,20250320,1,135,2,1,11,3,6299.90,18899.70,0.00,18899.70,4499.90,5400.00
1098,ORD-00633,20240201,4,86,1,1,14,1,5499.90,5499.90,275.00,5224.90,3899.90,1325.00
1099,ORD-00633,20240201,9,86,1,1,14,1,699.90,699.90,69.99,629.91,379.90,250.01
1100,ORD-00634,20250302,1,174,2,1,6,1,6299.90,6299.90,629.99,5669.91,4499.90,1170.01
1101,ORD-00634,20250302,9,174,2,1,6,1,699.90,699.90,0.00,699.90,379.90,320.00
1102,ORD-00635,20251212,5,73,1,1,4,1,7499.90,7499.90,0.00,7499.90,5299.90,2200.00
1103,ORD-00636,20240616,1,17,1,2,5,3,6299.90,18899.70,944.99,17954.71,4499.90,4455.01
1104,ORD-00636,20240616,11,17,1,2,5,1,1199.90,1199.90,60.00,1139.90,699.90,440.00
1105,ORD-00636,20240616,12,17,1,2,5,1,329.90,329.90,32.99,296.91,169.90,127.01
1106,ORD-00637,20250202,14,151,1,1,5,2,79.90,159.80,15.98,143.82,24.90,94.02
1107,ORD-00638,20251206,2,106,1,1,13,1,3899.90,3899.90,0.00,3899.90,2799.90,1100.00
1108,ORD-00639,20251201,11,162,2,2,2,1,1199.90,1199.90,0.00,1199.90,699.90,500.00
1109,ORD-00639,20251201,14,162,2,2,2,1,79.90,79.90,7.99,71.91,24.90,47.01
1110,ORD-00639,20251201,2,162,2,2,2,1,3899.90,3899.90,0.00,3899.90,2799.90,1100.00
1111,ORD-00640,20250420,10,139,1,3,10,2,1299.90,2599.80,129.99,2469.81,799.90,870.01
1112,ORD-00640,20250420,6,139,1,3,10,2,1699.90,3399.80,339.98,3059.82,1099.90,860.02
1113,ORD-00640,20250420,12,139,1,3,10,1,329.90,329.90,0.00,329.90,169.90,160.00
1114,ORD-00640,20250420,7,139,1,3,10,2,1399.90,2799.80,139.99,2659.81,899.90,860.01
1115,ORD-00641,20240309,13,32,1,2,6,1,119.90,119.90,6.00,113.90,49.90,64.00
1116,ORD-00641,20240309,11,32,1,2,6,3,1199.90,3599.70,359.97,3239.73,699.90,1140.03
1117,ORD-00642,20250713,4,109,1,1,9,1,5499.90,5499.90,275.00,5224.90,3899.90,1325.00
1118,ORD-00643,20251231,12,7,2,1,1,2,329.90,659.80,98.97,560.83,169.90,221.03
1119,ORD-00643,20251231,4,7,2,1,1,1,5499.90,5499.90,0.00,5499.90,3899.90,1600.00
1120,ORD-00643,20251231,14,7,2,1,1,2,79.90,159.80,15.98,143.82,24.90,94.02
1121,ORD-00644,20250426,8,160,2,2,14,1,499.90,499.90,25.00,474.90,249.90,225.00
1122,ORD-00645,20250308,9,62,2,1,10,3,699.90,2099.70,0.00,2099.70,379.90,960.00
1123,ORD-00645,20250308,4,62,2,1,10,1,5499.90,5499.90,275.00,5224.90,3899.90,1325.00
1124,ORD-00645,20250308,1,62,2,1,10,1,6299.90,6299.90,629.99,5669.91,4499.90,1170.01
1125,ORD-00646,20240928,6,86,1,2,5,2,1699.90,3399.80,169.99,3229.81,1099.90,1030.01
1126,ORD-00647,20240516,10,59,1,1,10,1,1299.90,1299.90,0.00,1299.90,799.90,500.00
1127,ORD-00647,20240516,15,59,1,1,10,2,249.90,499.80,24.99,474.81,119.90,235.01
1128,ORD-00647,20240516,2,59,1,1,10,2,3899.90,7799.80,0.00,7799.80,2799.90,2200.00
1129,ORD-00648,20240715,13,108,3,1,3,1,119.90,119.90,6.00,113.90,49.90,64.00
1130,ORD-00649,20250625,2,109,2,4,3,1,3899.90,3899.90,389.99,3509.91,2799.90,710.01
1131,ORD-00649,20250625,1,109,2,4,3,1,6299.90,6299.90,0.00,6299.90,4499.90,1800.00
1132,ORD-00649,20250625,7,109,2,4,3,1,1399.90,1399.90,139.99,1259.91,899.90,360.01
1133,ORD-00649,20250625,13,109,2,4,3,1,119.90,119.90,17.99,101.91,49.90,52.01
1134,ORD-00650,20250528,7,136,3,2,4,2,1399.90,2799.80,139.99,2659.81,899.90,860.01
1135,ORD-00651,20241008,6,87,1,1,14,1,1699.90,1699.90,85.00,1614.90,1099.90,515.00
1136,ORD-00651,20241008,11,87,1,1,14,1,1199.90,1199.90,0.00,1199.90,699.90,500.00
1137,ORD-00652,20250225,3,149,2,1,3,2,1799.90,3599.80,179.99,3419.81,1199.90,1020.01
1138,ORD-00653,20250629,15,170,1,3,8,1,249.90,249.90,12.50,237.40,119.90,117.50
1139,ORD-00653,20250629,13,170,1,3,8,1,119.90,119.90,6.00,113.90,49.90,64.00
1140,ORD-00653,20250629,14,170,1,3,8,2,79.90,159.80,7.99,151.81,24.90,102.01
1141,ORD-00654,20240521,2,7,1,1,14,1,3899.90,3899.90,0.00,3899.90,2799.90,1100.00
1142,ORD-00654,20240521,11,7,1,1,14,1,1199.90,1199.90,60.00,1139.90,699.90,440.00
1143,ORD-00654,20240521,5,7,1,1,14,1,7499.90,7499.90,1124.99,6374.91,5299.90,1075.01
1144,ORD-00655,20240512,6,178,1,1,11,1,1699.90,1699.90,85.00,1614.90,1099.90,515.00
1145,ORD-00655,20240512,4,178,1,1,11,1,5499.90,5499.90,275.00,5224.90,3899.90,1325.00
1146,ORD-00655,20240512,8,178,1,1,11,1,499.90,499.90,74.99,424.91,249.90,175.01
1147,ORD-00656,20240613,15,25,1,1,6,1,249.90,249.90,12.50,237.40,119.90,117.50
1148,ORD-00656,20240613,6,25,1,1,6,1,1699.90,1699.90,169.99,1529.91,1099.90,430.01
1149,ORD-00657,20250304,1,82,1,1,5,1,6299.90,6299.90,0.00,6299.90,4499.90,1800.00
1150,ORD-00658,20240101,8,138,1,1,11,1,499.90,499.90,49.99,449.91,249.90,200.01
1151,ORD-00659,20241209,4,3,1,1,2,1,5499.90,5499.90,549.99,4949.91,3899.90,1050.01
1152,ORD-00659,20241209,12,3,1,1,2,3,329.90,989.70,0.00,989.70,169.90,480.00
1153,ORD-00660,20250902,8,163,2,3,3,2,499.90,999.80,0.00,999.80,249.90,500.00
1154,ORD-00661,20240828,14,2,1,3,9,1,79.90,79.90,11.99,67.91,24.90,43.01
1155,ORD-00661,20240828,2,2,1,3,9,1,3899.90,3899.90,0.00,3899.90,2799.90,1100.00
1156,ORD-00662,20250124,15,178,2,3,12,1,249.90,249.90,12.50,237.40,119.90,117.50
1157,ORD-00662,20250124,12,178,2,3,12,1,329.90,329.90,16.50,313.40,169.90,143.50
1158,ORD-00662,20250124,1,178,2,3,12,1,6299.90,6299.90,0.00,6299.90,4499.90,1800.00
1159,ORD-00663,20240614,1,87,1,2,7,1,6299.90,6299.90,629.99,5669.91,4499.90,1170.01
1160,ORD-00664,20250716,9,121,2,1,9,1,699.90,699.90,0.00,699.90,379.90,320.00
1161,ORD-00665,20241216,15,94,1,4,2,2,249.90,499.80,49.98,449.82,119.90,210.02
1162,ORD-00665,20241216,4,94,1,4,2,1,5499.90,5499.90,0.00,5499.90,3899.90,1600.00
1163,ORD-00665,20241216,9,94,1,4,2,1,699.90,699.90,35.00,664.90,379.90,285.00
1164,ORD-00666,20241210,9,110,1,1,3,2,699.90,1399.80,0.00,1399.80,379.90,640.00
1165,ORD-00666,20241210,14,110,1,1,3,1,79.90,79.90,0.00,79.90,24.90,55.00
1166,ORD-00667,20251015,2,101,1,1,14,1,3899.90,3899.90,389.99,3509.91,2799.90,710.01
1167,ORD-00667,20251015,1,101,1,1,14,1,6299.90,6299.90,0.00,6299.90,4499.90,1800.00
1168,ORD-00667,20251015,5,101,1,1,14,1,7499.90,7499.90,0.00,7499.90,5299.90,2200.00
1169,ORD-00668,20251228,11,66,1,4,10,1,1199.90,1199.90,60.00,1139.90,699.90,440.00
1170,ORD-00669,20250518,14,57,1,1,8,1,79.90,79.90,0.00,79.90,24.90,55.00
1171,ORD-00669,20250518,2,57,1,1,8,1,3899.90,3899.90,0.00,3899.90,2799.90,1100.00
1172,ORD-00670,20241204,3,136,1,1,5,2,1799.90,3599.80,0.00,3599.80,1199.90,1200.00
1173,ORD-00670,20241204,10,136,1,1,5,1,1299.90,1299.90,0.00,1299.90,799.90,500.00
1174,ORD-00671,20250331,3,122,2,1,7,1,1799.90,1799.90,0.00,1799.90,1199.90,600.00
1175,ORD-00672,20241221,15,115,1,1,2,1,249.90,249.90,24.99,224.91,119.90,105.01
1176,ORD-00673,20250411,12,148,2,1,9,3,329.90,989.70,49.49,940.21,169.90,430.51
1177,ORD-00674,20250718,10,57,1,3,11,2,1299.90,2599.80,0.00,2599.80,799.90,1000.00
1178,ORD-00674,20250718,6,57,1,3,11,2,1699.90,3399.80,339.98,3059.82,1099.90,860.02
1179,ORD-00675,20251219,13,21,2,1,11,2,119.90,239.80,0.00,239.80,49.90,140.00
1180,ORD-00676,20240721,6,98,2,1,10,1,1699.90,1699.90,85.00,1614.90,1099.90,515.00
1181,ORD-00677,20250125,8,114,2,1,7,2,499.90,999.80,99.98,899.82,249.90,400.02
1182,ORD-00678,20240227,15,36,1,1,13,2,249.90,499.80,0.00,499.80,119.90,260.00
1183,ORD-00678,20240227,1,36,1,1,13,1,6299.90,6299.90,0.00,6299.90,4499.90,1800.00
1184,ORD-00679,20250122,7,180,2,4,5,1,1399.90,1399.90,70.00,1329.90,899.90,430.00
1185,ORD-00679,20250122,14,180,2,4,5,1,79.90,79.90,4.00,75.90,24.90,51.00
1186,ORD-00680,20250811,14,96,1,1,13,2,79.90,159.80,15.98,143.82,24.90,94.02
1187,ORD-00681,20250808,7,86,1,1,6,2,1399.90,2799.80,139.99,2659.81,899.90,860.01
1188,ORD-00681,20250808,12,86,1,1,6,1,329.90,329.90,32.99,296.91,169.90,127.01
1189,ORD-00682,20250228,12,80,1,4,3,1,329.90,329.90,16.50,313.40,169.90,143.50
1190,ORD-00683,20251207,12,128,1,1,14,1,329.90,329.90,16.50,313.40,169.90,143.50
1191,ORD-00683,20251207,13,128,1,1,14,3,119.90,359.70,0.00,359.70,49.90,210.00
1192,ORD-00683,20251207,2,128,1,1,14,1,3899.90,3899.90,195.00,3704.90,2799.90,905.00
1193,ORD-00684,20240612,14,94,1,2,2,1,79.90,79.90,0.00,79.90,24.90,55.00
1194,ORD-00685,20240618,3,88,2,1,12,1,1799.90,1799.90,90.00,1709.90,1199.90,510.00
1195,ORD-00686,20250116,14,57,1,3,14,1,79.90,79.90,0.00,79.90,24.90,55.00
1196,ORD-00687,20240301,10,53,1,1,2,1,1299.90,1299.90,65.00,1234.90,799.90,435.00
1197,ORD-00688,20240626,6,102,2,1,10,2,1699.90,3399.80,0.00,3399.80,1099.90,1200.00
1198,ORD-00689,20250330,11,60,1,1,11,1,1199.90,1199.90,119.99,1079.91,699.90,380.01
1199,ORD-00690,20241110,6,21,1,1,5,3,1699.90,5099.70,0.00,5099.70,1099.90,1800.00
1200,ORD-00691,20250725,5,129,2,1,12,1,7499.90,7499.90,375.00,7124.90,5299.90,1825.00
1201,ORD-00692,20241102,9,61,1,2,5,1,699.90,699.90,35.00,664.90,379.90,285.00
1202,ORD-00692,20241102,2,61,1,2,5,1,3899.90,3899.90,0.00,3899.90,2799.90,1100.00
1203,ORD-00693,20250426,13,127,1,1,12,2,119.90,239.80,11.99,227.81,49.90,128.01
1204,ORD-00694,20240825,9,173,1,1,11,2,699.90,1399.80,69.99,1329.81,379.90,570.01
1205,ORD-00694,20240825,14,173,1,1,11,3,79.90,239.70,11.99,227.71,24.90,153.01
1206,ORD-00694,20240825,3,173,1,1,11,2,1799.90,3599.80,359.98,3239.82,1199.90,840.02
1207,ORD-00695,20240725,7,81,3,1,14,1,1399.90,1399.90,0.00,1399.90,899.90,500.00
1208,ORD-00696,20240128,5,135,1,3,12,1,7499.90,7499.90,0.00,7499.90,5299.90,2200.00
1209,ORD-00696,20240128,4,135,1,3,12,1,5499.90,5499.90,0.00,5499.90,3899.90,1600.00
1210,ORD-00696,20240128,6,135,1,3,12,1,1699.90,1699.90,254.99,1444.91,1099.90,345.01
1211,ORD-00697,20250305,2,97,1,1,10,1,3899.90,3899.90,389.99,3509.91,2799.90,710.01
1212,ORD-00698,20240213,10,119,1,1,2,1,1299.90,1299.90,0.00,1299.90,799.90,500.00
1213,ORD-00699,20240718,15,18,1,1,3,2,249.90,499.80,49.98,449.82,119.90,210.02
1214,ORD-00699,20240718,6,18,1,1,3,1,1699.90,1699.90,169.99,1529.91,1099.90,430.01
1215,ORD-00700,20240828,7,81,2,2,1,1,1399.90,1399.90,70.00,1329.90,899.90,430.00
1216,ORD-00700,20240828,14,81,2,2,1,1,79.90,79.90,7.99,71.91,24.90,47.01
1217,ORD-00700,20240828,1,81,2,2,1,1,6299.90,6299.90,315.00,5984.90,4499.90,1485.00
1218,ORD-00701,20250321,13,38,1,1,1,1,119.90,119.90,11.99,107.91,49.90,58.01
1219,ORD-00701,20250321,3,38,1,1,1,1,1799.90,1799.90,0.00,1799.90,1199.90,600.00
1220,ORD-00701,20250321,10,38,1,1,1,3,1299.90,3899.70,0.00,3899.70,799.90,1500.00
1221,ORD-00702,20241111,2,92,2,1,1,1,3899.90,3899.90,0.00,3899.90,2799.90,1100.00
1222,ORD-00702,20241111,13,92,2,1,1,1,119.90,119.90,0.00,119.90,49.90,70.00
1223,ORD-00702,20241111,11,92,2,1,1,1,1199.90,1199.90,60.00,1139.90,699.90,440.00
1224,ORD-00703,20250114,11,127,1,1,8,1,1199.90,1199.90,0.00,1199.90,699.90,500.00
1225,ORD-00703,20250114,6,127,1,1,8,1,1699.90,1699.90,0.00,1699.90,1099.90,600.00
1226,ORD-00704,20250419,1,131,2,1,13,2,6299.90,12599.80,0.00,12599.80,4499.90,3600.00
1227,ORD-00705,20240216,8,160,2,1,3,3,499.90,1499.70,0.00,1499.70,249.90,750.00
1228,ORD-00706,20240312,3,40,1,2,13,2,1799.90,3599.80,0.00,3599.80,1199.90,1200.00
1229,ORD-00706,20240312,7,40,1,2,13,1,1399.90,1399.90,139.99,1259.91,899.90,360.01
1230,ORD-00706,20240312,5,40,1,2,13,1,7499.90,7499.90,375.00,7124.90,5299.90,1825.00
1231,ORD-00707,20251023,3,143,1,5,8,1,1799.90,1799.90,90.00,1709.90,1199.90,510.00
1232,ORD-00708,20251130,14,32,1,1,2,1,79.90,79.90,4.00,75.90,24.90,51.00
1233,ORD-00708,20251130,4,32,1,1,2,1,5499.90,5499.90,275.00,5224.90,3899.90,1325.00
1234,ORD-00708,20251130,11,32,1,1,2,1,1199.90,1199.90,119.99,1079.91,699.90,380.01
1235,ORD-00709,20241220,5,23,1,1,3,1,7499.90,7499.90,0.00,7499.90,5299.90,2200.00
1236,ORD-00709,20241220,14,23,1,1,3,2,79.90,159.80,0.00,159.80,24.90,110.00
1237,ORD-00710,20250510,12,170,1,1,12,2,329.90,659.80,32.99,626.81,169.90,287.01
1238,ORD-00710,20250510,7,170,1,1,12,1,1399.90,1399.90,70.00,1329.90,899.90,430.00
1239,ORD-00711,20250627,4,15,2,1,8,2,5499.90,10999.80,1099.98,9899.82,3899.90,2100.02
1240,ORD-00712,20241018,5,164,1,1,9,1,7499.90,7499.90,375.00,7124.90,5299.90,1825.00
1241,ORD-00712,20241018,2,164,1,1,9,1,3899.90,3899.90,195.00,3704.90,2799.90,905.00
1242,ORD-00713,20240703,11,54,2,1,2,1,1199.90,1199.90,60.00,1139.90,699.90,440.00
1243,ORD-00714,20240809,9,165,2,4,9,2,699.90,1399.80,69.99,1329.81,379.90,570.01
1244,ORD-00715,20240421,4,72,2,1,4,2,5499.90,10999.80,0.00,10999.80,3899.90,3200.00
1245,ORD-00716,20240914,14,136,1,1,3,1,79.90,79.90,4.00,75.90,24.90,51.00
1246,ORD-00716,20240914,5,136,1,1,3,3,7499.90,22499.70,3374.96,19124.74,5299.90,3225.04
1247,ORD-00716,20240914,9,136,1,1,3,1,699.90,699.90,69.99,629.91,379.90,250.01
1248,ORD-00716,20240914,6,136,1,1,3,1,1699.90,1699.90,254.99,1444.91,1099.90,345.01
1249,ORD-00717,20240424,15,84,1,1,2,1,249.90,249.90,12.50,237.40,119.90,117.50
1250,ORD-00717,20240424,7,84,1,1,2,1,1399.90,1399.90,0.00,1399.90,899.90,500.00
1251,ORD-00718,20250718,5,61,2,1,7,1,7499.90,7499.90,0.00,7499.90,5299.90,2200.00
1252,ORD-00719,20250815,9,162,1,3,14,1,699.90,699.90,104.99,594.91,379.90,215.01
1253,ORD-00719,20250815,1,162,1,3,14,1,6299.90,6299.90,0.00,6299.90,4499.90,1800.00
1254,ORD-00719,20250815,15,162,1,3,14,1,249.90,249.90,0.00,249.90,119.90,130.00
1255,ORD-00720,20241204,12,113,3,1,12,1,329.90,329.90,16.50,313.40,169.90,143.50
1256,ORD-00720,20241204,9,113,3,1,12,1,699.90,699.90,35.00,664.90,379.90,285.00
